"","x1","x2","x3","x4","y"
"1",1.04151811105566,1.03751965721367,-1.24054111810683,-0.191226279337137,-1.10536829712057
"2",0.0624643650009928,0.0490982855897121,-0.589353001313917,0.8494989755997,-0.784807736541905
"3",0.988578615806479,0.978252858879837,1.74785498190053,0.675597651454078,1.76387785102917
"4",1.06357378476652,1.0773222407446,-0.214700094873673,-0.61757881767075,-0.205876266603688
"5",0.297026071635746,0.299412701299271,0.134158402483202,0.396138304401488,0.268824216187954
"6",-0.50419945553314,-0.517290742592659,-0.628017339984509,1.23471075342186,-0.498415732193377
"7",0.391671496630284,0.380124907121031,-0.260027841940386,0.232863855768189,-0.484075889020579
"8",-0.344022952967318,-0.33883062215063,-1.82564963604482,0.0813522152418157,-1.79908987451667
"9",-1.02736402354717,-1.03171269976925,1.00692430833023,-1.02029414163283,1.0253546089942
"10",1.39620763347198,1.38425017243951,-0.690362825183588,-0.138159187630665,-0.511389067065464
"11",-0.924290737089141,-0.909787680970849,0.964782772718525,0.507088433226935,0.844251068868127
"12",0.657353313371378,0.678555882999282,-0.659289732423054,-0.668065710839985,-0.687551142608124
"13",1.32429749112224,1.31721859371445,-0.776719409105762,-0.627107370301731,-0.910280320397256
"14",-1.8721633845984,-1.86758885834168,-0.534801290730509,-2.8448800153404,-0.778836486598475
"15",-1.36244320478432,-1.34450298497091,-0.393709211829613,-1.48724177033203,-0.32306408586755
"16",-0.705839031160585,-0.70260227955631,-1.20893225249355,-0.0280690041776813,-1.20704667133811
"17",-0.740224037276513,-0.728764826880735,-1.3250076237207,0.271808146829502,-1.0777963551966
"18",1.48527165011872,1.48708587467117,0.0111755008260441,-0.304084252484715,0.080614684320141
"19",0.760971811536477,0.753038949534365,-0.155253543719584,2.37363915828293,-0.0646692443115458
"20",-0.341210064101987,-0.351825880397166,-0.589065621699046,1.3154605775126,-0.632399855756773
"21",-0.329935152478321,-0.329373311146981,1.90912267932136,-0.375026639067411,1.91974715582448
"22",-0.772921765685443,-0.775322577677491,0.556102033701553,-0.120339593956664,0.521997884982252
"23",1.035031420145,1.02851674286754,0.395310813360057,-1.15618573018931,0.594204503528336
"24",-0.118128747190115,-0.117857932652692,-0.207900426947902,-1.10457722634811,-0.215395162254992
"25",1.21820071299639,1.20656960245944,-0.310097596301357,-0.559701960400036,-0.167020092862223
"26",1.26887217544137,1.24788280842756,0.341940085848422,0.494298045909293,0.273776676764951
"27",-1.80153772179964,-1.80905412203647,-1.18616047142095,-0.207439512969877,-1.16709396465314
"28",0.265139537954376,0.266042126600235,-1.98540167928515,-0.662873167809221,-1.86092198202028
"29",0.401524605947172,0.411422671441077,0.00336985126548974,-1.27805045171635,-0.0651314898906982
"30",1.61934293503647,1.61470398240565,-0.908966674504446,-0.863984586100367,-0.818802941377834
"31",0.689467739416685,0.695086865916035,-0.434102638260355,2.51529413989075,-0.502744139751338
"32",-0.720080598051117,-0.727769968429674,0.26038249903435,-1.5170799981134,0.366932977098833
"33",-1.59986612717512,-1.59410613754675,-0.0623821733963839,0.435189537689328,-0.146012377986196
"34",0.511322376542052,0.500959618375733,-0.618773211261558,-0.323946535612624,-0.527028057182625
"35",1.31180935998954,1.30564768143729,0.44933613103753,-1.31979336263843,0.582626953062864
"36",0.176158143109722,0.180061115003683,0.147808424013357,-0.340587693723707,0.113703153801314
"37",-0.333495591893194,-0.338156770569551,-0.413360704225652,-0.454590772488813,-0.51372349782044
"38",-0.210180210700989,-0.206902366778956,-0.849199924094454,1.2326855235462,-0.84013123727358
"39",-0.446585497379129,-0.437736786223192,0.656692505501739,-0.637053389912178,0.780128267974993
"40",0.765754099519668,0.739733783945374,-0.514907495540423,-0.732063132125397,-0.523670807101404
"41",-0.929929762553905,-0.944900508488121,-0.481102691405995,1.47329537612297,-0.538427594900244
"42",0.460745476030589,0.45718712637375,-0.769808746249685,0.248282678650585,-0.727888492546857
"43",-0.685557306664103,-0.691070132712764,-0.247857755284508,-0.0775348470840245,-0.198295790652309
"44",0.950162991185422,0.938274188127289,-0.172869179202788,0.129313107547668,-0.1931292623462
"45",0.318422848167549,0.334571143916015,-2.07422605011228,-1.65134122218268,-2.11860752690347
"46",0.684617136033661,0.681835309997838,0.765004484093473,0.189147493145548,0.678994395413194
"47",0.116402778106332,0.128430244083617,1.36170837139847,-1.96641087652601,1.37799256960923
"48",0.0771876215602742,0.0737048639936247,1.57647633779552,-0.895397271528679,1.49508287496578
"49",-0.636069572698115,-0.61578260258807,0.974053895700408,0.338038739926974,1.00370510329742
"50",0.0669233111321719,0.0708697662912411,0.260884214129463,1.55158073614626,0.200889925663313
"51",0.31975159425854,0.309368996267593,0.0812507983948491,1.24900422419822,0.227872196282371
"52",-0.166005712103409,-0.155025932539691,-1.18763576932428,0.756185599627425,-1.13250021439496
"53",-0.782439066741954,-0.787266069804545,-1.0247414688349,-0.577283811433559,-0.989084177623669
"54",-0.439002848678411,-0.423036112366496,0.712252672975117,-0.390047292365116,0.648317348712027
"55",-0.270781308775035,-0.262175551240117,-0.17493695216628,1.17812600442084,-0.316195210218644
"56",0.0831874579247182,0.0963964766694962,-0.214958221479434,-0.851444933847477,-0.170398787270603
"57",-0.678637328935804,-0.654524035732855,-0.820122673431632,0.847058454407797,-0.971246965825305
"58",-1.90172723281872,-1.89754006360187,-0.315377169609571,-0.715696167080933,-0.515582307593072
"59",0.596397844860803,0.589591249716813,-1.33410205778216,-0.391709363787422,-1.24562531086679
"60",-0.521571472064905,-0.516520485455752,-1.60388508199636,0.819069575495137,-1.50000419678675
"61",-1.40892464378906,-1.4083667672334,1.84573504082927,2.79401115012592,1.78518034705944
"62",1.05765406708945,1.06390070613905,-0.0922154623434298,0.418810708820436,-0.134462430426523
"63",-0.819765517323243,-0.821953225229167,-0.226661473476764,0.207911522497957,-0.287136178703041
"64",2.1548803206245,2.13884779487312,0.657008199594053,-0.254860191963982,0.770334034646221
"65",-1.19832397560009,-1.19784030700539,-1.30589913834685,-0.842607468930837,-1.23013187625299
"66",0.532996534240766,0.521413562331032,-0.288228904494418,0.455480851255749,-0.25049470796733
"67",-0.274916856118365,-0.293771394883384,-0.36698596197317,-1.28810894394065,-0.49830525012044
"68",1.28047153836907,1.28362169014905,0.661058297040771,-0.415340807470833,0.617874656105654
"69",1.74058788093055,1.74940593903518,0.346657879973024,0.182086095663198,0.370894787631934
"70",0.389871844766211,0.398878583904547,-0.787877720491236,-0.216400597647897,-0.89527565302716
"71",0.90530742359154,0.920043050789666,1.40067482187289,0.212257674464991,1.58394106733548
"72",0.694722290364256,0.692751195722686,0.438152627872541,0.417087574455891,0.502539775418124
"73",0.20065198597088,0.205389123917569,-0.41862220209856,-2.85293604197471,-0.402618245973467
"74",-0.797916366338905,-0.805119790390363,0.181377381063911,-1.86405306947217,0.150660570120213
"75",-1.18004474882891,-1.17259048025752,0.045208539590602,0.640657985418586,0.135124303861533
"76",-0.572731825029223,-0.568422843378967,1.10374143979381,1.06340722685008,1.06838435420792
"77",-1.26753513854608,-1.27701728093949,-0.0708362662609184,-0.203311361096675,-0.175516191790207
"78",0.966535742670931,0.959961381110736,0.722385018632753,0.469040695951905,0.998713093907929
"79",2.20197436818154,2.20511945707697,0.384174747168674,-0.358475871757993,0.301931329445383
"80",-0.989068282217629,-0.992062509622583,-0.525209728018415,0.659810531762128,-0.513207876099752
"81",0.548704123643342,0.561003951748557,0.0145315726835587,-1.23953335191648,-0.0451781224312637
"82",0.398416430502031,0.405680476711489,-0.536118369945655,-0.0452157565588384,-0.450169913257658
"83",-1.36427142845501,-1.35391974989092,-0.204424814016902,-0.715281586105046,-0.0162651924905836
"84",-0.454541133699092,-0.437179917903667,0.0869544772484207,-0.481437658222158,0.166706327721516
"85",-0.598356227901722,-0.600876259209562,-0.189918168550347,-0.209505870757696,-0.199917133435629
"86",-0.86544856682825,-0.861226771233347,0.211057468040571,-0.964815673525567,0.192418906644369
"87",1.20528268020766,1.20284567114943,-0.230038563767395,0.0949149952641396,-0.21530082186114
"88",-1.332385726624,-1.32625294934861,0.135937354998899,0.856620753387254,0.174448936293404
"89",0.324131765687131,0.317718071862827,-1.93466047781325,2.61318224689526,-2.14652608018021
"90",0.934005606023332,0.930708425182398,-0.0945075651778219,-1.77811234891427,-0.00353892514359451
"91",0.408789554400662,0.40585039134183,0.280234928870159,-1.50353284812972,0.211156069882493
"92",0.185499977681012,0.16936279650492,-1.54083327061826,-0.143631513705431,-1.56906851729981
"93",0.631560221956077,0.627587573547388,-1.09271250681804,0.502433878465889,-1.18727027588151
"94",-0.0731044610756267,-0.0646792034854572,0.407562580657739,0.201464724377733,0.440051677843764
"95",-0.0253370288543706,-0.0239008034975354,1.05703827251474,-1.464703945993,1.15954154797312
"96",-1.03156810870504,-1.03796430406199,0.728870101969164,0.850779733067365,0.786722419284144
"97",-0.356205834186473,-0.356576846846178,-0.0099574256339334,0.343455360888574,-0.127768834342841
"98",0.401543701046619,0.393756382282489,-0.203651392092871,-0.418847961061067,-0.155562215441944
"99",0.00860776114899977,0.00693062197943813,0.692504269330468,-2.01533533916889,0.755585574475382
"100",0.428528996205046,0.441295786621192,0.640179709375228,-0.0728764259057374,0.738000372869284
"101",-0.348915442915469,-0.333808723511756,1.42002701214389,0.0778815155721475,1.45251781738081
"102",0.405626600450976,0.408916066417869,-0.263891306286382,1.01544576213672,-0.337591307187682
"103",0.0961580141206621,0.1109550792591,0.459720270548375,-0.195819914557059,0.406349517528574
"104",-0.203970674317469,-0.201222677830585,-0.208044310518215,-0.668130305498811,-0.17473369828657
"105",-1.24621808834098,-1.23905601037302,0.740070760704382,1.42148324309758,0.77667557042368
"106",-1.1014701176103,-1.09817275409706,0.192053063778057,-1.39893178790759,0.229446243653324
"107",-1.1837253486081,-1.19087085983133,1.61542614487165,-0.0542970987559645,1.54169552519908
"108",-0.941167718951142,-0.941472110187029,-1.64560542029511,1.30652943539213,-1.67234745282868
"109",-0.0963973861380835,-0.0941078276214563,0.778173927374632,-0.089059403211857,0.659323783099756
"110",-0.0430897130462041,-0.0535487587707456,0.986813678010343,0.143071839638119,1.04985917204946
"111",-0.856438840484127,-0.858787978341469,0.519800454777024,-0.844397967468726,0.590273181655459
"112",0.538015350675232,0.534499132419826,0.945011175606934,0.927156956773219,1.04638405309129
"113",-1.22693252998047,-1.23408213723642,-1.10978570749589,0.0373757338638914,-1.19047598933907
"114",-1.67822392228551,-1.68687169664589,0.523818708796214,1.25084154113253,0.511088642815589
"115",1.35198882162658,1.36119544617237,1.01145084768357,0.24239665002041,1.04322648540362
"116",1.2041961824343,1.21192205621328,-2.66572878825174,-0.694327493823602,-2.71330275301204
"117",-1.2476508744873,-1.27219359135313,-1.36907470984969,-0.452387712400911,-1.39464237301994
"118",-0.90564095090269,-0.917922166741256,0.780008546048841,-1.56111354999011,0.823656480053817
"119",-0.419094973740612,-0.42006324230819,-1.54097995009599,1.35910865331495,-1.32023317313483
"120",0.102138957675199,0.111282409469525,0.115244810609413,0.216508927576465,0.102614153832208
"121",1.1529733841462,1.15042502554547,-0.445497486699685,-0.0236751479285576,-0.538046108901791
"122",-2.24568275911168,-2.25415319849997,-1.14796531781023,-0.968750602604198,-1.07147050826501
"123",0.871239070546242,0.880693932518344,1.37731377436051,0.81097586452464,1.44834272568556
"124",-0.53682265246312,-0.542350282828327,0.625237173279982,2.1054836350675,0.542419152615619
"125",-1.84811543155224,-1.84841992584468,0.552330053514729,0.963642199651074,0.560840342011456
"126",-0.682284630900568,-0.680312483103905,-0.241909901662357,0.211115109817516,-0.161402916515127
"127",2.0460690577872,2.03818515231796,1.29437516001861,0.558302902740399,1.17243904618177
"128",-2.33690385232249,-2.35082071142742,0.819559776669678,-0.0313779248028043,0.932187797690619
"129",-0.981236337254033,-0.988708607580351,1.5173052368991,0.0726352375700091,1.4672273674936
"130",-0.955449206255025,-0.969796848687502,-0.31257781934603,-0.879091713346968,-0.442073932084415
"131",0.358658846621946,0.372062551576879,1.9055944026225,0.0581184593278301,1.75819570667611
"132",0.855120086797427,0.871025493548346,0.663361852668914,-0.164462353608663,0.723163523530119
"133",0.87122046365593,0.877338290993307,1.69696877188596,-0.49655123727498,1.83474294714019
"134",-0.705369232254183,-0.710339094667274,1.7193258306139,-1.06117838490374,1.68025585125692
"135",0.554872078784382,0.562197642267311,-1.54652884516313,1.34512067792648,-1.23283823532376
"136",-1.87103439026241,-1.8759904134164,0.417062919005738,0.00677868395278586,0.284403962267463
"137",-0.591089160165221,-0.585458316141359,1.26816378772134,0.514279838313622,1.26889547963773
"138",-0.134109859013688,-0.126759362321365,-1.37222307003675,-0.86963096028538,-1.28825870426031
"139",0.992852938004359,0.991807075880682,-1.35068344638509,0.615596041104801,-1.60385513112321
"140",-1.28874243098007,-1.29203579944952,-0.145303942697635,0.271022513628872,-0.297962236652087
"141",-0.702859001745866,-0.689932831569974,0.678106510240276,0.72254383341397,0.691809215167615
"142",0.930672201631303,0.922862758519712,-0.906724221363181,-0.546811446268155,-1.13668259623407
"143",0.0317197063814043,0.0360799093664492,1.40751244617021,0.691151752574921,1.39484535097455
"144",-2.09778179875403,-2.07271563922802,-0.224677658530203,0.975969109879156,-0.387048529628033
"145",-2.15949386080318,-2.16282891806402,-0.598324976437458,-1.41638168311144,-0.55460589158877
"146",0.787856782335929,0.788489929852125,0.623338520202661,-0.268542084268887,0.569887182060055
"147",1.56236001865323,1.55634239498517,0.686788510283091,-0.115684207777358,0.642878033207136
"148",-1.76159560585639,-1.74650092227714,1.08926028442889,-1.24161785245496,1.22999298947822
"149",1.4409318899375,1.43249410526919,1.35535884325222,0.577399894737252,1.40857036223123
"150",1.35636331423903,1.35935285674142,0.919402066635747,-0.431747649099707,0.893517520739003
"151",-0.468577758810886,-0.482319715832184,1.29959150838761,1.57447370856184,1.30737411220885
"152",-0.810949350896157,-0.803082815327957,-0.636675880533918,-1.34619596445842,-0.665190523964402
"153",-1.55017157688623,-1.53445815454011,0.524141759784769,1.26838148686541,0.498154674177051
"154",-0.705188667128149,-0.699039763298689,0.573863479287904,0.578521167147952,0.68022308937374
"155",-0.90636667967152,-0.91308191623977,0.47866989539268,1.44716288600985,0.35185803488649
"156",0.165225283102455,0.177230598960635,-0.230779322105324,0.770162627157315,-0.281456171571005
"157",-0.238722579510314,-0.242945776330012,1.40280653074435,-1.12424503080866,1.44062393966651
"158",0.593535166653925,0.600368059118045,0.980631422073568,0.320801426601119,1.00492605124241
"159",-0.756855694597273,-0.763393606378685,-0.516715311848531,1.07701052958253,-0.329011446875402
"160",0.14464300942529,0.121664477990626,2.03634986784675,-1.26476955814848,2.0190673170462
"161",0.597201217115159,0.611867172819468,-1.05723929140845,0.0469454707360774,-1.06588775975633
"162",0.00522434694748988,0.00815058101191454,-0.872436007682451,2.77717656338035,-0.820026986919165
"163",-0.376711883657288,-0.374869353261348,0.508575639358709,-1.74636395784193,0.717480746297606
"164",1.25428277712912,1.24115253194485,1.05417826588904,0.63650007619886,0.989647898286305
"165",0.770570020450929,0.771915613273984,-0.182240833080602,-0.598111767645672,0.0201928170791525
"166",0.931690393162828,0.931650354109132,0.337162914614001,0.046040810531069,0.459676229567574
"167",0.708097883106934,0.713473883497668,-0.175581739715801,1.19919438163234,-0.285979986164081
"168",0.911920108061881,0.910417584502517,-0.160751502513065,-2.0703493356972,-0.158926045165711
"169",0.732401519657617,0.744487876081166,-0.363803354898867,-0.0616936280500354,-0.236257382988242
"170",-0.538532348023351,-0.530185491742029,1.54320837709529,0.586826961740692,1.73353958470878
"171",-0.300362100743741,-0.287223670666227,-1.08149227832207,0.100927337056078,-1.0517408274853
"172",2.56040342856945,2.56456304384313,-0.878758299003503,-2.31348694834572,-0.948363480992952
"173",1.59779603201533,1.5871995249442,-1.88246796304408,-0.443646964972617,-2.04165911097927
"174",0.263980888144359,0.274454036154815,2.05545153542807,0.230863198554705,2.01057431125577
"175",0.164279586078421,0.171117054888343,-0.373976227884265,-0.635231700930837,-0.408732194689919
"176",-0.4519387524015,-0.462705472256891,0.610245358691219,0.255402519013865,0.674626436615464
"177",1.03711896362396,1.03424845719362,-0.803630921026551,2.3227675185398,-0.72415445577595
"178",-0.366181782390914,-0.38017412761671,1.4718939906028,0.299063492770777,1.46408285915063
"179",-1.77971086689315,-1.77876786241491,-1.37266892376015,0.27310471773119,-1.45399645045812
"180",-1.09264030040354,-1.08537572205928,-0.779411932545426,0.310964881879823,-0.831167845794559
"181",-0.869013825948764,-0.868231597158164,0.578469577100195,1.97335583712551,0.69381253817004
"182",0.291120024741785,0.287868251855134,-0.119086792792741,-1.73916867004488,-0.109979882701046
"183",0.414815803381265,0.432454287216443,-0.963246629334111,0.63372593939582,-1.06160211918679
"184",1.04681785046614,1.03137407504503,-0.0960642111477973,2.06460291166428,-0.158812044437078
"185",1.10185791905823,1.10339131507125,0.149976443026988,-0.964401007227306,0.275952730198867
"186",0.93247975778878,0.946225715695468,1.03427423654745,0.576982153223914,1.05552400199385
"187",0.00946789521597548,0.00551764538410354,0.190480555248978,0.863841136730735,0.0484990466154513
"188",1.61585961312729,1.61031013759822,-0.686571650203038,-0.817843883122367,-0.721343423638926
"189",-1.35864972203382,-1.38582791186445,0.97876487418216,-0.661763984966197,1.16120344279539
"190",0.800088059430685,0.818285972086837,0.589799477802706,-0.663456039209449,0.614798737801563
"191",1.15169262126874,1.16191754881551,2.78668933802159,1.04745344228745,2.72033336473032
"192",0.246536238243848,0.251659781834978,-1.26129552198543,-0.132069135216729,-1.30805841472945
"193",-1.26631200377984,-1.25980029895051,-0.812719766649591,-0.308509819777624,-0.769090016932266
"194",1.03183814539191,1.04236727344688,-0.200675348361485,-0.565852036818377,-0.0956186047388234
"195",1.62503694304912,1.62168429014086,-0.691372035453421,-1.29637750647137,-0.72790807626511
"196",-0.670599553396693,-0.668713823668036,-1.96812178618084,1.30816578269616,-1.92630125730661
"197",0.41691591418538,0.431622786671631,-0.915341385552536,0.620518606333587,-0.761265305280841
"198",-0.0385165767783164,-0.0298184735223079,0.789357351498111,0.388000139889709,0.746786004717129
"199",1.45600162307231,1.47246004963441,-1.8920776580501,-0.255738546968178,-1.94064205232308
"200",1.05053986030313,1.05211783442318,0.831172704654396,1.04817869738853,0.892990980848416
"201",-0.173362020285067,-0.191850364279605,-3.14040213699805,-2.06859727439595,-3.1933854767565
"202",0.680185449428022,0.666908177745517,0.786169990491046,0.635548671475436,0.767523662080889
"203",1.02603962225259,1.03375858770466,-0.659237895646966,-0.142629780542683,-0.685558279835346
"204",1.42517814914167,1.43900601737981,0.662922685825516,1.8234956803775,0.640241729308886
"205",-1.67253869164788,-1.66564985581099,2.10721052943367,0.450014031310006,2.0556736624084
"206",0.553186076451363,0.552100800953773,-0.725346502381269,-0.412061773916479,-0.722457006109276
"207",1.24241180777776,1.24695309581669,-1.12410521825174,1.48082969459407,-1.36159769445894
"208",-1.44855872789263,-1.44271627606234,-1.72518968908797,0.654679820042575,-1.65098555551015
"209",0.0840853096764799,0.0972025784591695,-1.49659764078177,-0.994842935175052,-1.45978123420079
"210",0.569231927351964,0.566122604815317,1.36685777674284,-1.12603776217954,1.3133960927563
"211",0.503588683778018,0.496978035927365,-0.439963612500518,1.15659968775825,-0.478621737760581
"212",0.673830641855168,0.661285104706435,1.06764420390836,1.30228819190653,1.22693503364413
"213",-0.029812577720813,-0.0187490345600145,0.541497019934115,0.567300485519321,0.52419850570706
"214",1.83150707840722,1.82857156729566,-0.56188355088148,2.23452345578141,-0.422280262229845
"215",-0.486401949644835,-0.498346282324414,1.3511821206007,1.54199036853851,1.39540357101293
"216",0.60258021913862,0.597857187271437,-0.370396750137328,-0.889684540261562,-0.39763083139083
"217",-0.737910633947109,-0.727517239454588,-1.13056066257815,-0.286121149483733,-1.22795495041663
"218",-1.01955719275978,-1.02233518214541,-1.63232669840976,1.14552352174534,-1.49912337541774
"219",-1.13305420655602,-1.12410805930793,2.26606568154242,-0.412305596942885,2.25579336454375
"220",1.580613474167,1.57487060802692,0.529168352924828,0.835378012990396,0.298398294751383
"221",0.283487114663732,0.278940003661319,-2.30506456706758,-0.464098565574724,-2.38587150954673
"222",0.8528706116145,0.857784847700623,-2.08915836182648,-1.0302907302834,-2.09694858482581
"223",0.524720010649708,0.524657880296325,0.924377455160134,0.629122102296986,0.919706386319057
"224",0.187029866264507,0.188549327581723,0.758775394861772,0.305851209014144,0.904256337433995
"225",-0.654924976905568,-0.649843582759789,0.402165279671049,0.110793484698506,0.34100499836837
"226",3.12590330949918,3.1307145203993,1.07688095316545,-0.062638895465443,1.09491546531013
"227",-0.328844048577085,-0.333748550989819,-1.66160751283523,0.709408420236964,-1.6173596377908
"228",-0.342397527471749,-0.358995493354827,0.800065873802322,-2.94138425373955,0.676849690480709
"229",-1.65031172043174,-1.62253224765832,0.553594427386269,1.79479750491937,0.845822069244212
"230",1.11311303757307,1.10739483484936,-1.42543841181287,-0.809167265205875,-1.46660916737748
"231",-0.462861347271611,-0.449671976332679,0.119181017588648,0.991314724190794,0.20687141011191
"232",-1.3588701042398,-1.34773366014776,-0.589635997326713,-3.03787278145444,-0.555640996039449
"233",-2.0442193775766,-2.04871279833549,-1.04399686478641,1.21895785374503,-0.972633699681831
"234",-0.419474412701816,-0.405210012507511,0.648770377508809,0.641304615218648,0.443502726596534
"235",0.292626171958381,0.2959455698872,0.01711247987428,-0.134739012450081,0.010065038813759
"236",-0.871056925087769,-0.857210565057692,0.184312368042741,0.659681930143218,0.12806588762544
"237",0.159061095375409,0.165155492261025,-0.159487109851595,-0.65123011260153,-0.194976707952463
"238",0.145595505459556,0.140321142159192,-1.17277471251259,0.270129655306729,-1.04643039333321
"239",-0.307342412955405,-0.301567025988723,-0.575372945149578,0.149173570487737,-0.569156886742475
"240",0.833664559552091,0.825446883895258,-0.562303981594182,1.25867192389141,-0.551451555228448
"241",0.818935992926796,0.819609058243289,0.984251440511846,0.708370186821144,0.868252949724169
"242",-1.31385345860355,-1.31245350074231,-0.631755258028271,-0.675571009162723,-0.639741346877842
"243",0.407626954273021,0.413944675901593,-0.683001416925235,2.00457141047182,-0.658670776260392
"244",0.82748880121678,0.824879262415354,-2.17122498829516,0.303670438698375,-2.05172853522757
"245",-0.309129644195792,-0.312274800274722,0.172941852137184,0.318209860999092,0.196589069585058
"246",0.81275282712318,0.814448064989248,-0.305894119593231,1.20278715625651,-0.259786935709871
"247",0.465408808626847,0.462301149606532,0.598434163790908,-1.53478594199337,0.709843313557541
"248",-1.30072901189995,-1.31201726846869,0.613944946091377,-0.209653347995438,0.743415064669685
"249",-0.717036953909486,-0.715218152778431,-0.854859173539018,-0.0752797782146959,-1.05482586777886
"250",-0.794861158912411,-0.805055864920936,-0.000433627699729355,0.195666712678334,-0.046064727473584
"251",-1.44320366850425,-1.44608536753125,-0.718316086854446,-1.57708966403961,-0.737148791649688
"252",-0.501911396161908,-0.497984461771927,0.270757699118607,-1.6263708547208,0.281425170325116
"253",-0.685453652172361,-0.676371562018067,0.473016654324447,0.111167035890132,0.406921044271609
"254",-1.65780069619068,-1.65112283612955,1.22653486634901,0.611714482585188,1.50183920229442
"255",-1.66997132798337,-1.67704660726983,0.891165620682081,-0.0312730435812867,1.01631959553168
"256",-0.636784880794345,-0.639237321109272,-1.11185576839049,0.6746934179221,-1.25481169781738
"257",-0.789765110963611,-0.790635795868021,0.650205129926568,0.296040942124757,0.823520820376713
"258",1.02702790995504,1.02690920010659,0.621295088678921,-0.385965819213128,0.728448288953516
"259",1.04817169760067,1.05410980183701,-0.085465337008167,0.306140534783176,0.0329010781244846
"260",-1.67300899447976,-1.66781134148948,0.345579255956843,0.152894850978466,0.349507550802352
"261",0.618117649342655,0.609672668453891,3.3407910850338,0.784376060816122,3.28055583848065
"262",-1.2158323399272,-1.2263202815862,1.37962249310063,-1.28717774399807,1.58580198113291
"263",-0.285669500403747,-0.276754509859678,-0.369982949295364,-0.762280100708533,-0.415213447034626
"264",-1.66917408585429,-1.67042898033649,-2.18315380721703,0.63160331179793,-2.12570312710552
"265",-0.605605881644945,-0.607638861059487,0.606007520634232,0.142355910169086,0.818058624239502
"266",-1.52829063982924,-1.52160408159163,1.76386828576624,-1.49702947809862,1.68753816754234
"267",0.553814564357579,0.563674685800469,-1.03793972649725,-0.965348693322798,-1.05172223645868
"268",-0.169735988720062,-0.172603252506914,-0.45852206474231,1.37191442466892,-0.43478675931968
"269",-1.25114691723084,-1.25011217060135,0.854238698416856,0.999908158881643,0.791190223474221
"270",-0.607154383671762,-0.588917351697531,0.137600399547203,1.88607321364966,0.0862656055717082
"271",-0.313883573407661,-0.296150462214133,-0.49914779496189,-0.415540858325201,-0.487558353570586
"272",-0.262936174894102,-0.2598628004547,0.413209625261224,1.72607477644291,0.461025117010202
"273",-0.29344248771717,-0.306914051882215,-1.30403535954072,-0.694185409547213,-1.29075826022995
"274",-0.35785451349988,-0.36028392954803,0.743659167351222,-0.858772618740079,0.669454235275973
"275",0.205391223202119,0.210937918403472,-1.24475106692612,0.689549058978516,-1.1659419897571
"276",-0.326191521215542,-0.321512333351739,-0.693065684099834,-0.529430070178057,-0.793385954759878
"277",-1.14044587591063,-1.12255681294671,0.581544212892178,0.827698605268945,0.517371961336129
"278",1.7546034226103,1.75419674769667,-1.22802841159518,-0.524407435392386,-1.23128399420835
"279",0.219061117659055,0.220486018278677,-1.03716166211397,0.0484250914587879,-1.04840369887493
"280",-0.929769246857992,-0.935471871159746,0.331590276990721,0.445005539137111,0.466407537771898
"281",-0.70642795202687,-0.700832769219207,-0.11833908601515,-2.25950620350751,-0.298952524454949
"282",-0.333655826467223,-0.325359409633793,-0.81945768383452,-1.04316126703426,-0.769118975707793
"283",-0.463103977049332,-0.446804659681939,-0.177148644238263,-0.646391498668833,-0.0656649325797781
"284",-0.932617344016298,-0.929334819421265,-0.195763169095357,-0.0660622519035657,-0.233713956339172
"285",0.844774075290958,0.826820385293452,-0.189168711635706,0.275556061269537,-0.0464371849731591
"286",2.00987313135041,2.02946236769816,-0.0439537666484936,1.07496041991212,-0.0231835318495822
"287",1.20331377600146,1.20477676956277,1.43565821602031,-0.119917911796292,1.41518381510526
"288",-1.7036906526254,-1.70826021086779,-1.35031652920556,-0.785556261022035,-1.35657363952584
"289",0.869396297644883,0.868526578609374,0.675162588623401,0.13835906154213,0.743419902266106
"290",-0.759517961050235,-0.761375759288221,-0.481623976271139,0.106043653832956,-0.598826616669325
"291",-0.888125752588546,-0.893628626365691,-0.995589018334266,1.03142523682816,-0.959802649389165
"292",-0.284404170244858,-0.274761565593704,0.846322864516329,0.232039869207275,0.825542719068796
"293",1.62128423549865,1.63117914451794,-1.3026530130731,1.37098141852761,-1.1072324397199
"294",0.548161354900911,0.530098069487952,-0.920626161251014,0.0448190571579803,-1.00179439539338
"295",0.411046378496941,0.420558229009486,-0.415971763418025,-0.557515683331151,-0.314688749386988
"296",1.01656156535764,1.01196404689903,-0.815477801839536,0.0831183686466182,-0.801585290029599
"297",-2.06229698887524,-2.03405654799481,-0.121409519365562,0.0571730988278892,-0.197589796896681
"298",-1.68593780332589,-1.68620301024541,0.668959532621715,-1.12090659741302,0.630843518166463
"299",0.923623866519973,0.908739456980812,-0.182882402338701,-1.31169823173805,-0.271011437996448
"300",-0.128438076472984,-0.134163934038144,0.262937859345565,-0.176583591104109,0.39171788750154
"301",-0.684625520130861,-0.671754365463395,-0.169063177178448,-0.463312294409276,-0.202748768870215
"302",-0.185021160485872,-0.197890003097561,-0.227049604471288,-0.5315136743684,-0.268029625413276
"303",-0.149346058519293,-0.137740110821093,1.88634410271266,-0.890656648212676,1.91559188554369
"304",1.62715827585605,1.62683313499976,0.541360761582172,0.263072236777775,0.547924864632597
"305",-0.679798602590244,-0.669585349809168,1.15737171314188,-1.32423703306891,1.15394742664208
"306",1.3913397471061,1.368893116772,0.331222252030155,-0.42106627828072,0.205952266601646
"307",-0.657610518152091,-0.657219185349293,-0.707513857004433,0.00201881360972202,-0.603391400504726
"308",-0.799810328707366,-0.805842302951437,0.471708341171816,-0.00700248907449257,0.457976716845396
"309",-0.0194239528967874,-0.0386155902170426,-0.0321327479001087,-0.181423689178926,-0.0651047609804131
"310",-0.349500874504124,-0.36206004597835,-0.259457499712156,-0.0892099105375191,-0.302389129513449
"311",-0.527468562084612,-0.515555741388086,-0.635093292691814,0.0124492528073913,-0.577950492984149
"312",-0.164428121775155,-0.156056388328263,-0.150350806707189,-1.20547686250071,-0.370665171210546
"313",-0.38722976035486,-0.371027952353498,-0.0871707373605747,1.01761314456238,-0.234693886037992
"314",0.755663383598281,0.753266492308006,-1.17997284464703,-1.38205210235257,-1.14508786705777
"315",-1.1523017963745,-1.15475080159739,-2.78833696336461,1.57528422427153,-2.97954430124584
"316",-0.583602457743378,-0.582914209529744,-0.0191998399474865,1.07141775979976,-0.0257278509897275
"317",0.00204115395319447,-0.00833570088963158,-0.52646523396968,-0.0949331465008891,-0.524629139396878
"318",-1.62885729531013,-1.63398133019736,0.601875047697415,0.405477298077878,0.612180697184555
"319",0.0831779321950165,0.0784706476800121,1.80264651113688,-1.55459942730977,1.76902734091104
"320",-0.340201377464329,-0.351908164227437,-0.591228646844426,0.949160312276001,-0.57558296078011
"321",-1.54719458023113,-1.56423772826048,0.167275486362131,-1.36131205095998,-0.00621661863859904
"322",-0.307469663267887,-0.325764645755096,-0.160143235814451,0.462464212998413,-0.081994798606947
"323",-3.04192081447189,-3.04659161579634,1.35695238499301,-0.804380501429487,1.23477070898269
"324",-0.628403088110898,-0.629208526626026,2.10376714345536,-0.52742901570414,2.09030235147138
"325",-1.21733981598175,-1.21943685949123,0.131466585955986,0.276002522384523,0.110091369932607
"326",0.900059762474004,0.895989028788646,-1.19541954208693,0.14172338034969,-1.18225499229284
"327",1.16177769536845,1.16157953449586,0.308502941295861,1.60466883070037,0.441146652294227
"328",-0.535284556549837,-0.533904307779711,1.0712437993749,0.764154905340577,1.23668024802472
"329",-0.826162098368139,-0.836192134221893,0.800358462045974,0.369199013826551,0.715904568071797
"330",0.593378591676775,0.595393941691151,-0.466558103083449,-1.69665696291971,-0.500028075251354
"331",-0.524424285266097,-0.519616856995764,-0.638580466974234,1.14554050961266,-0.709356596714285
"332",0.456880766377611,0.463855820864001,2.76499908685412,0.0431332950866568,2.6324242750029
"333",-0.40981014523627,-0.418769897008883,0.889711180455835,1.71518487906438,0.773142435667532
"334",1.94532269313528,1.96372654493587,1.34785324287832,0.364386335852191,1.49351334283139
"335",1.54202982685158,1.53574825395841,-1.04288645402383,-0.762673708494169,-1.07978989884351
"336",-0.254373815866832,-0.268329166770199,0.628994838416274,1.37246385432287,0.462974498165217
"337",0.35326312559396,0.362071478813424,0.309342288065597,1.31034269019316,0.137420413222122
"338",0.718177722112015,0.726350141477905,1.05663093185136,0.915657167405681,0.930960890465699
"339",0.565611799990615,0.573233911937759,-0.511244606353638,0.426997024615411,-0.402615251195455
"340",0.538308285483013,0.534326543230865,2.18212814959505,0.40294082622378,2.15355791226624
"341",-1.05569871711279,-1.05569521112691,-1.2964149821104,0.083806317243596,-1.34766405837753
"342",-0.921649870870626,-0.908843612785715,1.23640451853717,0.227207846236056,1.13999430524067
"343",-1.97326913570534,-1.99174909128922,-0.148030917514104,-0.547277394678035,-0.3393137051125
"344",1.00674408877552,1.00386258777559,0.628287585875426,0.127027428957392,0.471195981738149
"345",-0.809290781868543,-0.80193260689988,-1.44108599457017,0.0682416676487291,-1.44613613284005
"346",-1.88757192138309,-1.88408341029232,2.16968184011798,-0.73317554710602,2.45524285989759
"347",0.126824506682047,0.1235804919059,-0.0208953608433423,-0.476025809924768,0.0410523543082219
"348",0.740863149397573,0.733892512568651,-2.01277268072819,-0.410095581905529,-2.07571431581998
"349",-0.86919757866803,-0.881905367559966,-0.808725872223661,0.217509541268263,-0.880476550308066
"350",-0.222053789331743,-0.236514218917188,-1.72016522702825,-0.420045476183957,-1.66332432228542
"351",-0.756677555870977,-0.746159522099634,-1.54533981754024,0.505124140048992,-1.47170391649151
"352",0.436836625961874,0.448546079333637,0.0550457431504544,0.835030284773612,0.125862242428977
"353",0.461798028411669,0.451176342290085,-0.448383137398819,-0.0691344515580907,-0.427896489777954
"354",-3.03229290363755,-3.03725859947255,0.391685590595965,0.775515284611705,0.333499333564197
"355",-0.498293402850833,-0.494033719664904,1.1460386218153,1.62232934073212,1.14307320539297
"356",-0.930658547426671,-0.930534799026213,0.618023842048381,-0.619104318627715,0.589443734695553
"357",-0.326743256296177,-0.326835753743433,-0.814681051097326,1.6106572681343,-0.963369683497073
"358",-1.0738295143145,-1.09104796481526,-1.78908701114812,-0.0950383701410572,-1.74638118078804
"359",1.0536202850164,1.04159399555453,0.277118540080839,0.20882415591307,0.297126078385632
"360",0.732202268315093,0.747965399885777,0.408937255794454,-0.451484560785518,0.364236390184996
"361",-0.644695945822076,-0.645327513539448,-2.04412912771302,-0.610638463782018,-2.04304360591254
"362",-1.11234973924573,-1.11267634201549,-1.98438114325601,-0.574754756021849,-2.02924246376597
"363",0.582373325228202,0.601930482812538,-1.26163404433639,1.46198865397283,-1.29619963969061
"364",-0.0567450185076083,-0.0619885216704448,0.261489233661448,0.433465413286103,0.350575571038018
"365",-0.539867562352378,-0.546197287104362,-1.19648748936863,-0.150421231981937,-1.24824906801587
"366",1.61251474179009,1.63085082416462,-1.60925245267355,1.79972375816182,-1.7698229990764
"367",0.861003353518588,0.884747239154808,-1.79585917932186,-1.21143521941156,-1.75113521554883
"368",0.221739097509469,0.218801579898401,-0.233643227281023,-0.861299261638648,-0.306444887707612
"369",1.02640664352344,1.03050859409192,0.522245348060181,-1.02770763458822,0.362525802190355
"370",0.63456714896306,0.62256114124479,-1.18607369706619,-1.77200738770386,-1.15149277027674
"371",1.40277404598504,1.39881787674717,0.119897027869694,-1.14487921119524,0.0787373626957893
"372",1.45228294656516,1.45357139729893,-1.74793371195338,-0.755495864136085,-1.57165564904127
"373",1.40564260343258,1.3934028092565,0.00625173691563247,-0.707825171423146,0.0369218583434277
"374",1.36444571654425,1.38981684714945,0.0278839515566688,0.272490759162715,-0.00385328978068527
"375",0.971800333726526,0.970141461607477,-0.0277642981843631,-0.0996905967386454,-0.165476925070852
"376",1.33290301307782,1.32545947324571,-1.29171057329867,-0.171618230120151,-1.2548370291176
"377",0.164927997917079,0.168108533019967,-0.670614232479664,0.116133412968098,-0.609388772597816
"378",-0.683970720154535,-0.675718159416384,0.0677883670327665,0.243445260253243,0.0281760751221367
"379",-0.0147204925695869,-0.0106884614803951,0.635831041056083,-2.24502063696622,0.618409485033309
"380",0.436252309128475,0.440061180762244,-1.18140472980557,-0.82424558194342,-1.23668780956421
"381",-0.0676323272220667,-0.0648933777665317,-0.210536298133954,1.34268200518148,-0.0458097721002581
"382",-0.199306642962916,-0.181171026890397,1.02843402632557,-0.39793312176477,1.12836272201397
"383",1.08046361415775,1.10823211405465,-0.154235186618096,-1.47745602856861,-0.0684168605132364
"384",0.17834278649043,0.181942057200574,0.152727248578567,-0.884020035831321,0.210785941712012
"385",0.764747089198095,0.752823204974559,0.596840507233257,0.968717288682797,0.678041030496637
"386",1.19968496220326,1.20274341942579,0.44495535213923,-0.892482615641915,0.316340284316841
"387",-1.37009850651622,-1.37227505219323,0.697182090070194,1.01467871374552,0.509465565733427
"388",0.172834753009202,0.177594028447388,-0.588285754724474,-0.66510626892366,-0.641364227817292
"389",0.700369504461968,0.703226156552453,0.584949755729861,-1.50545836355346,0.612081367058059
"390",-1.16384181852588,-1.16560888628658,-1.71544183468484,-0.190195536051705,-1.83392592070854
"391",0.425576364144198,0.42153156384828,0.516028286410553,0.772495511996187,0.549689101773711
"392",-0.442729138114124,-0.453171650731585,0.665118189212927,0.202672497723452,0.673470062662927
"393",-0.290710176457915,-0.298043972409548,-0.438952125222568,0.15441043920546,-0.456694791007468
"394",0.290637028351801,0.308830395847026,0.911640146911455,-1.39962883712377,1.02844615141987
"395",-0.36539248395331,-0.362107509162653,0.369050208480922,-1.28906859233966,0.384722244138074
"396",-0.825295939344849,-0.808267469343162,-0.667442109465644,1.0685681037005,-0.653786854581517
"397",-0.0478395894249622,-0.0489164394594905,1.60159028414633,-1.43316379351745,1.58670281155613
"398",0.468244794976463,0.478402519129525,0.459123611007127,1.24874705226147,0.439437098137826
"399",-0.243752173655701,-0.244441795305154,-1.20360608373172,-0.435202273577567,-1.26920458164595
"400",-0.608404020264668,-0.619483520005554,-0.642882068144998,-1.36807432874664,-0.553055723169265
"401",0.387681861858233,0.375295381732627,-0.824123294378618,-0.184545006352206,-0.929346390839259
"402",0.374540386952136,0.384746839103025,0.887852614913293,-1.89596444335558,1.10485561074135
"403",1.62369427869248,1.62369530137102,1.5040626071455,-1.52026075379008,1.57776616798461
"404",-0.554558129929015,-0.554694898989236,-1.67663550548649,1.73039155447933,-1.64045115721417
"405",2.05470427307024,2.03574168916036,0.551007578535638,0.333688150957811,0.57978086131706
"406",-0.096150759526428,-0.105029034965895,0.0073240153221039,-1.27981377354223,0.109889746324235
"407",0.874758310627334,0.874933108856408,2.27114518368803,-1.45117795635888,2.32623578431038
"408",0.25993424346182,0.275756228404376,0.922051847629515,1.16316838462875,0.967978380289835
"409",1.423208747997,1.41518248418072,-0.00590921250310467,-0.733076280950945,-0.00146986426716765
"410",0.043454097829776,0.0461074840492276,-0.957633980897405,1.05318231579959,-0.918217921664557
"411",-1.46684096093427,-1.46544312410416,-0.640263258268271,-1.30320889676373,-0.662369585433349
"412",0.329643751341875,0.326982348176199,-0.304427437139001,-1.37518188772542,-0.48289633523439
"413",-0.10784229434629,-0.104805067225804,-0.994584281325795,1.02925136214593,-1.04691410519316
"414",-0.0109718687238595,-0.00985820588252943,0.49033962138355,-0.757999753624675,0.506519837174965
"415",-0.225927926525195,-0.235535669749401,-0.646407304923711,-0.234655751128913,-0.568023255881738
"416",0.368079394443373,0.346753501681702,0.390187029715932,-0.294256458185354,0.279350876845748
"417",-0.64883981685385,-0.654317729542433,1.58072206247711,1.38118875439793,1.58218924712815
"418",-1.77350015476025,-1.76640718248228,-1.24569887014816,-0.170332858616791,-1.3692081334181
"419",-1.0510441779785,-1.03619862441594,-0.243240191871116,1.25501288888779,0.0268394862390783
"420",1.85178659571782,1.85969800470396,0.140332103193378,-0.271465032557285,0.0539299433526476
"421",-1.64260875280254,-1.64523494123457,0.348073827715975,-1.69255421025448,0.299768993375277
"422",-0.49438844074569,-0.49343466603171,-1.69787947555799,0.81123117317492,-1.62893140061779
"423",-2.00882296437819,-2.01489655879298,0.852802224588852,-1.43719753613901,0.836203263133187
"424",-1.31212661638956,-1.31837883504081,0.496248493780948,0.596827007872754,0.518695762597311
"425",1.52463983738609,1.5269144760111,1.09325463368193,1.45586214784857,1.0582159281966
"426",-0.397102231714702,-0.396033791330123,-1.43476891052253,0.31335260868871,-1.39222021257977
"427",0.0978404867724945,0.082105831684964,-2.30641465592798,0.727390444197387,-2.38883646146521
"428",1.46166852746159,1.45668704825262,1.99987568811725,0.668130589850623,2.05086930953154
"429",0.690176519798006,0.682005338404089,0.494874133222607,-0.58187584948191,0.557013561451123
"430",1.85168840431989,1.85274249855951,-0.509975536716476,-0.410288736188021,-0.543091544021156
"431",2.46489839202521,2.4585760896256,-0.86642775377465,-0.374253206901847,-0.948888209609554
"432",0.438795801659968,0.442072329414769,-0.54458102895528,-2.18583904371494,-0.5989258339398
"433",-0.595554442937349,-0.607920103381884,1.55336196118454,-1.21211546805496,1.63208626319285
"434",0.234081979492095,0.237334895119997,-0.121593723121234,-1.66932050411999,-0.0235925602443346
"435",-0.136696302160247,-0.137179561932029,0.417194293527609,0.671140346619163,0.4211665396064
"436",0.123034805057399,0.120596157364155,-1.28351972043539,2.22161296521775,-1.29316177680148
"437",-0.814279159399805,-0.829478785726132,-1.99158137200331,0.570373910652723,-1.99654105940945
"438",1.04140603081078,1.03396298814661,0.602213768256213,0.254012395467964,0.764342725992759
"439",-0.279729585256078,-0.264655297976022,0.0202357508959408,-1.06196059628639,-0.0310791712926982
"440",-0.324473727845032,-0.32223733121259,-0.245561538013782,-1.01124832370379,-0.230161097336056
"441",-1.51642683910758,-1.5212593101418,1.10651699467801,1.2029161862979,0.9680495595123
"442",1.475840622224,1.48621622748238,0.344043346994467,-1.35146358423996,0.369311235761303
"443",1.63121447813029,1.61926319667428,-0.608787972671494,-1.07396809486871,-0.671800237098981
"444",1.30914777412988,1.31599329429117,-0.631413498091497,-1.10328568202577,-0.69653966559278
"445",1.56201390565215,1.55463206220793,0.502225619903798,-1.22323139501905,0.437471918834977
"446",2.27641087894329,2.28006242085946,-1.30621656981908,0.421171055612589,-1.38868450913284
"447",-0.368186062023624,-0.378982531292955,-2.13678146134591,0.12719557832936,-2.17246068345379
"448",0.425996251272518,0.431235778565937,1.31598588050508,0.389955142227121,1.24850436961776
"449",0.00377906962844133,0.00730882546659783,-1.47329860162143,0.298364195539459,-1.38834347711611
"450",0.441312624279034,0.444444830067912,-0.955763223954818,-0.347206646133112,-1.0373082972234
"451",-0.912969948178506,-0.908812748352911,0.377390811411388,2.20436934662037,0.577810374165617
"452",-0.471262402719662,-0.4524318042495,-0.651702739185638,-1.36741787551374,-0.72640331253072
"453",0.254908284708866,0.256693398284387,0.918165073631034,-0.826549038975105,0.814204375884583
"454",1.34217757246818,1.35255608862525,-0.0593984001445278,-1.97425252655122,0.00997980490168618
"455",-0.34180332590305,-0.352083422535891,-0.414069121472806,0.232281081235354,-0.402215527400097
"456",0.507280428711973,0.505963871199918,-1.13046740734398,1.01015777575127,-0.989266625523351
"457",-0.436968108136889,-0.439118685302001,1.68673784431727,-0.216063372502026,1.76414898799308
"458",1.35093135127599,1.3503605179301,-0.269519191351435,-0.00296466651386819,-0.434931255687364
"459",-0.039531307936103,-0.0164023730735685,0.166206309786662,0.023933384674995,0.19135345227383
"460",0.410584768112451,0.420970955601325,-0.719898156090867,-0.420824305410109,-0.63096106112633
"461",0.325120876802403,0.316771224473383,-0.0226797208381018,0.937316891303079,0.127496376589467
"462",0.327516453313242,0.328124655869041,-0.022365520254514,1.19246453744288,0.0556870145748702
"463",-0.948987545620341,-0.944242468944714,-0.657684320207949,0.543914241228664,-0.625794681247152
"464",-0.164826244388755,-0.165892288874414,-2.09709277737415,0.269578687811606,-2.14016961991489
"465",-0.83132860529709,-0.838547250691965,-0.0675827927870033,-0.264498195563615,-0.0491678155785345
"466",0.994294473432664,0.983755885386901,-0.715494916125581,-0.051852704840289,-0.694653022920209
"467",1.01782968740102,1.02312626929255,1.44566256166856,1.92424559166488,1.45626810891174
"468",0.237694201115257,0.232936001076361,-1.48949247326341,0.465792294385575,-1.38629742770696
"469",-0.511809182398928,-0.516225506464582,0.608581877223182,0.269090440276983,0.506561527387085
"470",-0.231319929069851,-0.244241600811324,-0.338727400922388,0.7477990818519,-0.277045034695636
"471",-0.00169167157682285,-0.0212148372543797,0.851894113060231,-0.474567090229485,0.92977815814331
"472",0.571704180745094,0.575955199295925,-0.644993083368359,0.599441547150701,-0.439043179804118
"473",-0.927818839440635,-0.920177672225059,0.885919415488917,-0.42893816906622,0.911154929290492
"474",-0.753417778365546,-0.749821877359149,0.742404223502187,0.209719543055851,0.890572244633546
"475",0.0950407586316417,0.0875856222025022,1.368020937592,-0.412763395165318,1.34137542365142
"476",1.13396323581251,1.14163168563797,-0.82356423033056,1.97214665408657,-0.766211149184634
"477",1.52130735508807,1.5479969928514,-0.665257417376945,-0.671986395518314,-0.767080021870147
"478",1.41731474791215,1.42946730757436,0.684267373884804,-0.928276667672352,0.680017193470024
"479",-0.564647316990624,-0.549427975017361,0.0440955151316617,1.32500933635155,0.141536552403923
"480",-0.588169864605986,-0.605654734810512,-0.810400582091945,-1.03515180207872,-0.868498826484178
"481",0.429588787104649,0.407161708551646,0.624060107071618,0.697462472658479,0.786057965314273
"482",-1.22293176811097,-1.20937611505571,1.23609364713541,-0.922627803472604,1.25842418977623
"483",1.00310637903137,1.00403631265594,-0.0531612145599917,0.242577533581564,-0.0227287735140994
"484",-1.06710084337483,-1.07345612211315,-1.03922768532336,1.27405684423902,-1.10184852224138
"485",-0.237199962311747,-0.2419939790549,0.725766184375703,-0.46126136810849,0.709221455277959
"486",1.71702615009767,1.71099975195769,0.0566531060312736,-0.101562649161337,-0.0512526922530018
"487",1.32571997114874,1.33043277572571,-0.0285655286816556,-0.204131446182877,-0.151702172066562
"488",-1.42585893820858,-1.42328706265377,-1.04094511114944,0.364127956824941,-1.03150857941162
"489",-1.09266034264815,-1.10443842932596,0.0825884326676483,0.603169195706429,0.0985522095044592
"490",0.399453418041483,0.39125200269214,-1.48542528320884,1.16946204300744,-1.58506660883044
"491",-0.847693406989097,-0.836352102042093,-1.36793984181141,0.326122160503086,-1.40559490819122
"492",-1.17302077347098,-1.16214874557069,1.06246408917837,0.391033273323825,1.09831195831418
"493",-1.56456424925347,-1.5625030044407,0.927407209119056,-0.496240536288713,1.05674794491471
"494",-1.29083156241877,-1.28764443992534,-1.05004770113025,2.29484352630773,-1.18207259751137
"495",-1.16688994020644,-1.17630994702296,-1.37104248662634,-0.753982991757048,-1.52960877351053
"496",0.675576723694584,0.674392560376381,-0.272822182377143,0.134276394429649,-0.235981559187851
"497",-1.42848791608313,-1.43475327242158,1.77720295593354,-0.655753100022478,1.80164015805171
"498",-1.16768523719826,-1.18444232621463,-0.716047678001252,1.65805711874381,-0.689534364633927
"499",-1.55122813212755,-1.5372622337326,0.78243635503027,-0.136911898858476,0.794623235999864
"500",-0.200563732660537,-0.203888204258333,2.17056114992759,0.147957920254635,2.07093134437132
"501",0.139541893742686,0.152753285867941,-0.342036062089533,-0.444721555471734,-0.242808300064795
"502",-1.50121086841215,-1.49078063140276,-0.605345396511049,-0.673550595143323,-0.493687092212794
"503",1.37248420315696,1.36950294364393,0.813509262124913,-2.14636279529781,0.708329848625435
"504",-0.406020071377658,-0.397851896416889,0.398105281249951,2.26500870188456,0.430979855797367
"505",-0.127985199956188,-0.120948618362503,-0.283273138753695,-1.09034391219143,-0.278388572496097
"506",0.647914679948291,0.633303204710419,-0.996254198284103,-1.84211533339202,-0.887556623103612
"507",-0.015371593231924,-0.012305369429308,-1.18386147591442,0.584981926862901,-1.25679450540869
"508",-0.43515397484012,-0.432440254838901,0.7623307943833,-0.771809805316188,0.854082687021769
"509",1.14772758049017,1.1380176586215,-0.0546515581973766,0.0662570080738518,-0.117891350203795
"510",-1.47446159750575,-1.4921722499661,-1.49440091294166,0.940291240757753,-1.37657019164702
"511",-0.455868361558341,-0.452778474503126,-1.81812593973062,-0.205293725689946,-2.00109812553431
"512",-0.121313657614383,-0.136717016233583,0.1155354182679,0.54955351840998,0.0642666802542157
"513",-0.662258279261004,-0.66442150160996,-0.581908657910124,0.260564345441456,-0.546997524674444
"514",-2.28674417020903,-2.29238788126525,-0.0475780243124501,2.48924405920345,-0.160792191667468
"515",-0.977944150166255,-0.976627627808195,1.13254947061474,-0.929357197132028,1.08527584179201
"516",0.105062231106027,0.102768018790804,-0.706009312517573,0.189788910374874,-0.548261318737555
"517",-0.613382931328824,-0.606861752457032,0.42253930971417,0.046792898462935,0.43774888585068
"518",0.474805083249905,0.47652754339774,1.91705699894728,0.671892525635565,2.04676533145101
"519",-0.0718343713436773,-0.0585806257723167,0.478798185456251,-0.548881203796246,0.428892404523044
"520",-0.401440434584826,-0.402640345052998,0.796407396379837,0.318834990207947,0.796514637989656
"521",0.77231838546811,0.772452103826593,0.995000822252339,0.117005210476609,0.934364452795301
"522",-0.930577059125125,-0.931237876586363,0.297486699346615,0.533530117930513,0.258837295394287
"523",1.16697636005175,1.18018937373761,0.793460245504634,-1.04154053036507,0.780123538368876
"524",-0.892221155331921,-0.902513790440366,-0.992567055781733,0.400761368845769,-0.883162543670363
"525",-0.61037318652599,-0.595570812460914,-0.0610371801806917,-1.526706272556,0.124152019921721
"526",1.20961844889325,1.20363273910226,-2.7720995844886,-1.52076207425335,-2.68932373865389
"527",-1.2543883542625,-1.24952213026561,-0.513945545261235,-0.752302685590089,-0.492341450567629
"528",0.292690901698055,0.287415004428122,-0.876505783882998,-0.528723747442951,-0.967168959434202
"529",1.00458479425801,0.994778222699258,-1.04391598003944,-0.0961934282562704,-1.20830642971019
"530",0.279629273546122,0.277183421502186,-0.776589422629705,-0.779899576022645,-0.877381888417558
"531",-1.97159359629759,-1.94958213098762,-0.453361464229499,0.974286752751518,-0.415934216594495
"532",1.62253386535445,1.62662241300713,0.440128486844885,0.397925693369628,0.502360938091349
"533",1.33192728875048,1.32485363979819,0.689878565175081,0.435589844328298,0.583150072491411
"534",-0.17818941956307,-0.198190809438668,-0.283219632210808,-1.09245876220429,-0.464763585565914
"535",-0.0690573534970326,-0.0867142040075017,-1.84113832563735,0.288859803033457,-2.00210383408705
"536",-0.12958445689723,-0.127443535256588,-0.693998784338685,-0.299088416486599,-0.635657309671606
"537",0.575582499060295,0.581016675247946,-0.53912096151683,0.176932125722564,-0.581589540267807
"538",-0.580526907555905,-0.583261185976798,0.617415422661582,1.73172545427078,0.789261986777045
"539",0.0751217008008961,0.0684644314583584,0.600711063749557,0.0832005596132866,0.70221226338892
"540",0.0611405421443122,0.0489252225361525,1.30661141937687,-0.664885800580464,1.42606868486731
"541",-0.667039762037255,-0.655206714865435,0.662471136864513,-0.00100297980399595,0.583379220881389
"542",0.326197730142417,0.330404154247121,0.0271616971505625,-1.35720553869668,0.0726517594849027
"543",-0.549867990163456,-0.536212729109376,-0.718140814627148,-0.135406317209131,-0.722962413194209
"544",-0.4293673195794,-0.425427647517091,1.33429603798873,-0.206804092557977,1.4431440334499
"545",0.0778012608389308,0.0823006327220851,-0.808243162071244,2.0025222538392,-0.80467532647528
"546",1.13912500076683,1.13850414216834,-0.0948244569537844,0.532510627148772,-0.0481834389756385
"547",-1.70565188665814,-1.70348856567102,-0.882503721836541,0.107429537511932,-0.881702612828317
"548",1.4153204122091,1.39915512587397,1.31812103019009,-0.014437830090252,1.54189288861679
"549",-0.265243377348897,-0.271522787795975,-0.0878258620954527,-0.0904353302992122,-0.192149594155095
"550",0.609393008441737,0.607211549844825,-0.664372198822204,-0.950115157129755,-0.694106862687245
"551",-1.96561259242154,-1.96643039153895,0.0253599078662746,-1.12065993871635,-0.00394918145753681
"552",-1.72626398088648,-1.71000001203032,0.382260304863289,-0.669848758343105,0.567896496603161
"553",0.389370856833765,0.38450376608413,-0.677723536841189,0.793877463092676,-0.607824127929264
"554",-1.92832909758192,-1.92178631142787,-0.833314689263157,0.814325906207268,-0.882515618780985
"555",0.0155197952981793,0.0222719268891578,-0.569043820020805,0.47037211564187,-0.408950206078576
"556",-2.1066929442818,-2.12600412119833,0.472324225062162,1.19160110202179,0.473180203253391
"557",2.2340134839903,2.23095662542687,0.151477344350655,-1.81732686722133,0.145844359921358
"558",2.91078400127655,2.93670247159905,1.30099297401711,-0.0242255079701472,1.39237911791634
"559",-0.00523351506560064,0.00609731291775493,0.349692011384512,0.216791893914384,0.308313446273847
"560",-1.68976232209107,-1.70067866245145,-0.760512920340547,-0.265098209524458,-0.860064796640589
"561",0.35763246130835,0.359918475803441,-0.555305345237965,1.94733831060734,-0.514618293910102
"562",-1.19469493867105,-1.19700289866635,-0.389462285524389,-0.550449866495157,-0.22800537826653
"563",2.09644504291426,2.12021388133017,-0.109786587008701,-1.59422181975629,-0.172221128103799
"564",-0.990449473053613,-0.979956879313746,-0.101700191880508,-1.31702687057345,-0.129464815335369
"565",1.08176142194863,1.08898961647104,0.0262701128861122,-1.23646619560517,0.00978535551611657
"566",-0.0072903386098487,-0.00972584330340674,-1.15591600356571,1.22302191618593,-1.17244358242046
"567",-2.00991280368122,-2.03220464396698,1.35564563585508,0.0537564998686433,1.4507418272305
"568",-0.226715935843926,-0.218662875015401,0.260807974389616,0.181077641443813,0.271522949980346
"569",1.85288083148885,1.85832782505316,-0.889615822752997,1.36082851459039,-0.774396055170703
"570",-0.0452731868820595,-0.0319137498766308,-0.844533698321423,0.776723066804517,-0.826906505476498
"571",-0.732370335593827,-0.748510153788268,-0.455093517957936,1.50545698373849,-0.497687342116798
"572",0.877468012942714,0.888006404635212,-0.0487681308696051,0.806579361364744,-0.0816942374210435
"573",0.054562448397673,0.0514262037959757,-0.0365559088848415,0.475516517117941,0.0232153741190847
"574",-0.0192405199017439,-0.015508189294916,0.254123222902861,0.436672790786937,0.201106265717707
"575",0.325383082009085,0.337587139522872,-0.853874965220966,-1.08433906892733,-0.805741931828999
"576",0.897882201620726,0.899802755449765,0.407817471119704,0.206612793083519,0.438941048644974
"577",-1.61274771356656,-1.60777764671459,0.932865688026837,0.626814878853903,0.947061378245785
"578",1.03533002735127,1.02836575262209,-0.473500192373329,-0.341245251170297,-0.497551278130524
"579",2.40826341826256,2.39922212255698,1.27828857203025,-0.968950925551039,1.20299689265401
"580",-0.497429881849955,-0.49905896945648,0.219094422800575,1.47823622936841,0.324995075291513
"581",-0.0172920904704366,-0.012291298102163,-0.914443004391505,0.580219276840068,-0.910557528384986
"582",1.58048976961599,1.5780431182411,0.294063656437134,0.484738725071048,0.393383890090205
"583",1.09925018316351,1.08602695548805,0.0690858420045457,0.778044215584896,0.12125299014621
"584",0.569262047776322,0.578973097264711,0.0379380954814296,-0.0397031977631295,0.216841016213457
"585",1.01860836973889,1.01523447337212,0.959301868637086,0.728353446639407,0.802985100297357
"586",-1.10098787921108,-1.10938848305231,0.321083112073465,-0.362200494998653,0.157899450993058
"587",-0.225009058173072,-0.203416846742714,0.366166334714179,-0.435106151906092,0.487288255861251
"588",0.0112283825725142,0.0133104058912649,1.56092107357705,-1.77486398007587,1.69863308784294
"589",0.398702444749281,0.378088998992098,-0.41042917810123,2.28805580478642,-0.331150327592329
"590",-2.1345845113995,-2.13356922374622,-0.885386694881487,0.601723572371188,-0.741152798408829
"591",-0.360988449958154,-0.357444341045007,-0.61105339694184,0.348200858894861,-0.581070114669847
"592",-0.435925003950129,-0.439165720709371,-1.83491708263009,-1.29469887472785,-1.87146033815321
"593",1.00360218913851,1.00472118955941,-0.318087326819116,0.169924532038498,-0.347311004355339
"594",1.54987866092471,1.55283390585464,1.07836744152467,-0.0895638467660234,1.24389732644466
"595",-0.144322268353447,-0.139812950559351,0.597328101130647,-1.44929463811119,0.494209016612503
"596",0.909498191998441,0.917293448616249,0.588903104675553,-0.521961353673203,0.439861216268294
"597",0.181155627747433,0.171013049045014,-0.820348754957568,-0.899374649168299,-1.09422468811653
"598",1.31839014790535,1.31601444034296,-1.85759463560539,-0.00410320631533489,-2.02928078992425
"599",1.28341517083124,1.27998327168964,-0.0362528524448067,0.421563882265244,0.0547304594351661
"600",0.307884483895562,0.315971990635228,0.255424979804133,0.590904270302331,0.0727117875275397
"601",-0.296427951406309,-0.296523060874117,0.250821656593306,-2.14153162506467,0.164935750184774
"602",-1.18560724401195,-1.19940430987114,0.888404675840538,-0.855557009182716,0.875558547821899
"603",0.807320268443753,0.814349556229204,-0.852550684006838,-0.273580753408598,-0.881154927061242
"604",-1.58793149213784,-1.5898856588529,-0.890122411320645,-0.833857070315299,-0.843226025912726
"605",-0.928372962119725,-0.913803994550704,-1.4688842542756,-1.62573987243997,-1.51780659329119
"606",0.116676990635295,0.137914971826714,2.11716528669469,-0.633027640873993,2.09142749574519
"607",1.62021738070114,1.60794150594226,-0.941016391606625,-0.0713424918000278,-1.04430783285557
"608",1.94099236823969,1.93823285767479,0.786884153228234,-0.41608391001762,0.767775647234219
"609",0.241604278875517,0.241823554401621,-0.556115551848772,0.922243814191824,-0.679673360058781
"610",0.879015799254539,0.864725423437322,0.950883108750867,0.124811861433076,1.03515357435798
"611",-1.0572990009874,-1.04581685798116,0.0381229036886227,-0.244564284535354,-0.0420232603364488
"612",1.1778753365433,1.16744073450903,0.329237325491472,1.04874143159196,0.363043846651493
"613",-0.229131058411739,-0.230602930867995,-0.552129150988608,1.44336205566515,-0.758387073393139
"614",0.384523911609166,0.373636610244881,0.0177684048031217,0.846676924429276,0.0705894561747531
"615",-1.43228332408681,-1.44526925998578,-1.00005856235524,-0.273271408508856,-1.09036073156072
"616",0.724052233631056,0.729493991705069,-0.787006699479488,-0.0512054404944087,-0.795327097740124
"617",-0.618430893305826,-0.61341095142846,0.585033581164784,-0.0381268649469608,0.642798619161607
"618",0.69017867103675,0.709847273451555,-1.56235919414556,0.068577091549881,-1.63031107340347
"619",0.611822350148033,0.617327350242371,0.565461983966953,-1.44670741681813,0.471428270084824
"620",-0.0303825989790537,-0.036467122091193,0.333316894121581,-0.479077943224526,0.322235652861712
"621",-0.67461262238125,-0.693543990770074,0.846387239593746,-0.198255022184848,0.7935402646242
"622",0.1198501614637,0.119361541210707,-0.394891480727194,-1.13943801022279,-0.45550344689805
"623",0.956601068390801,0.953355777310905,-2.27906607838164,0.0903051486177078,-2.30524586618583
"624",-2.49102131602793,-2.4926095502146,-0.6168227966608,0.820378590348153,-0.496593808480523
"625",1.38606944932757,1.38480695102714,0.780105819820037,0.377531282990448,0.809819230774177
"626",-0.381919085037652,-0.390073055780418,1.35663168141094,0.58142673975114,1.4091670435083
"627",0.775763806764369,0.781207436073421,-0.134464934883717,1.03197601457469,-0.231895398239647
"628",0.480996623274429,0.486394227806835,1.15889170785167,-0.148531659871396,1.12901413721596
"629",-0.777630795450988,-0.772987181447928,-0.342060050177697,0.687878242634937,-0.27946724843088
"630",-0.541693075778103,-0.555047653935298,1.54262605412066,0.239836249175936,1.62294823116026
"631",-0.178130402194044,-0.182015635340171,2.03063587459259,-0.784422922395683,1.99107057733299
"632",0.271242763333648,0.27418374663063,-1.16291566240085,-0.112621548012199,-1.22504743184891
"633",0.262183079710467,0.26494521991877,-0.171479532227307,0.109800397629282,-0.0993712694024955
"634",0.445780234597889,0.448854686374585,0.0557951603052942,-2.26677721648486,0.140925799791746
"635",-0.210079666686763,-0.224391599098127,-0.902728058675687,0.902327777121182,-0.900759500532287
"636",1.54497068464009,1.54840158246229,0.555388633680599,-0.633021539356827,0.718331045299787
"637",-1.13856710380562,-1.14356811072831,1.66468115042289,-0.135937018125895,1.61908169537159
"638",-1.14172149426933,-1.15323877615824,-1.63624062002847,-1.99079895850933,-1.56213244906234
"639",-0.939293698057532,-0.937424023949102,0.939594911548143,1.46317964555515,1.08814783710103
"640",-0.805191155958014,-0.824831624122373,2.61919097551357,-0.00116963464813015,2.65683977312806
"641",-1.53266480752054,-1.54626018216388,-0.780814872389962,0.135788291007958,-0.840346039827697
"642",-1.03471448504087,-1.02239810242128,0.00694969636505835,1.71246587113427,-0.0245584605750344
"643",2.18609795042269,2.17508405400605,-0.661218585150404,-0.828915819902926,-0.624019264522428
"644",0.136442310140475,0.129163976341725,-0.341628448650398,-0.192359530028308,-0.412298349978201
"645",-1.54471085250074,-1.54698136402399,-0.499215690197066,-1.51497411929643,-0.477629234822902
"646",-0.560926155888405,-0.556077890940699,-0.437597714449809,-1.73457224775663,-0.548078869362151
"647",0.319831353046941,0.321967651610844,-0.858120600437354,0.205163978376126,-0.984619715451545
"648",0.903249002464651,0.91031593021037,-0.243444438720684,-0.171397250170597,-0.164121785055709
"649",2.42206832399147,2.42431477014546,1.01410010166338,-2.62447958002578,0.937575234011367
"650",-0.743358755940094,-0.75697621114585,0.688966992821783,-0.280742957044751,0.557501532617564
"651",-0.540091801770617,-0.535422875753964,-0.8720971664154,0.538845460452401,-0.860248751892171
"652",0.0206445294261305,0.0333756285575505,0.00593920202956644,-0.516146804457654,0.0411900318223511
"653",0.529995343670804,0.511528196975208,0.826555072079339,-0.128113075214329,0.827021766281992
"654",1.82266006388894,1.81041210682937,0.416077050739997,0.867258009843985,0.359969199582391
"655",0.707041046014684,0.696739401550696,0.45190518451239,1.6770884899876,0.455851884423841
"656",0.178430631758799,0.183378359562994,0.0679840012207818,2.55735670861914,0.00798922691661356
"657",1.67032475093986,1.67582311938382,0.4312650805921,-0.0769091656486155,0.681617026326111
"658",0.776165162977976,0.791096370467154,-0.267466008446378,0.938724597340573,-0.309298716105631
"659",0.737039143485447,0.733761312895888,0.880311330874268,0.698626066732935,0.837285357407866
"660",0.957418104421571,0.956152901388681,-1.05660636156088,-0.690275328864334,-1.2043988731672
"661",-1.28399853826353,-1.27763036235482,-0.139953842366301,0.797730132834091,-0.0950561201037453
"662",-0.466000170271138,-0.469255281835668,-1.02183688949775,-2.06101107580438,-1.00830841471009
"663",0.207894158024505,0.202608041126247,0.751744238352182,-0.444509456465442,0.69600801677351
"664",0.677472970169884,0.672730400186243,-0.274095622220763,-1.58541113696596,-0.400267861818885
"665",-0.0321325614311378,-0.0273585813053439,0.0464798814793127,1.87294451606094,-0.127514707397118
"666",1.97432078109245,1.98805450427217,-0.731269552919576,-0.957502976201698,-0.782552218563242
"667",-0.0925215633734883,-0.086385431979563,0.123192034915594,-0.532113423222641,0.180416988963287
"668",-0.4091792794206,-0.395055375836989,-0.985616097511384,-1.43082744386257,-1.04226541679999
"669",-0.0444359630362833,-0.0498879081423092,0.590904569510799,-1.3492385440939,0.746932255549031
"670",1.33904212697886,1.34974018828056,-0.382712203139424,-0.225440178703319,-0.19601699522656
"671",0.567565367012071,0.569260598909104,0.186716850479844,-0.99905797106801,0.227125100560332
"672",-0.033006164507056,-0.0220117808656594,0.333783996227497,0.800387588227531,0.352492782169821
"673",-0.197377826280628,-0.194191824493393,0.401891334581168,-1.59395510580453,0.335272597997237
"674",1.34262853610824,1.35273836544574,1.58526245262982,0.324655686338112,1.59954306367869
"675",-1.78997798333222,-1.78500644544013,-0.263724321614877,0.358302854223432,-0.379670503274674
"676",1.36012240868278,1.36486583085339,-2.19947219548016,-0.534653741925776,-2.17064065124642
"677",1.79510284212095,1.77325871468327,-0.179621959294338,-0.565253905462594,-0.0647072359874147
"678",0.236931937960526,0.232312657307191,-1.39290391461782,0.322415831339721,-1.38241098630023
"679",1.11799905226976,1.11205923272489,2.03040552297013,1.38737787319018,2.03553071720841
"680",0.630255473785323,0.634748436702824,-0.724853388857552,-0.0703321173322067,-0.653515175986003
"681",0.189228334683187,0.196686580153385,-0.534837418362543,0.590496813159708,-0.473434638711398
"682",0.0854272276678678,0.0858672123719884,-0.0102513986436912,-0.542391741959455,-0.0685464070247308
"683",-0.549087871457082,-0.556113302899216,0.141923098353828,0.728609011898946,0.146418431250859
"684",-2.16102348701509,-2.15118211789475,0.312586961922436,-0.0254576266862747,0.211634757800376
"685",0.752805875647052,0.744330958327949,0.304994829967624,-0.14007984681299,0.274408657733832
"686",0.773025132139229,0.76191332059424,-0.74846017389301,-1.07417885011411,-0.807153009710555
"687",0.241612162630037,0.238635618155473,-0.509317298644517,-0.0935085548207558,-0.483596118309594
"688",-0.0138017746910776,-0.0240582193877979,-1.69090079318106,2.00558738017068,-1.81527174695541
"689",-1.17752987707596,-1.17909327674383,1.04981780615461,0.957958148901589,1.05056650350303
"690",-1.65506491089568,-1.65147340105903,0.106742970613736,-0.859715786645327,0.110819115938023
"691",1.52262912618748,1.5069506530117,-0.490806570408084,-1.34650702876787,-0.499518307848798
"692",0.822999418100292,0.833194708889403,1.10735269511622,-1.73060126416686,1.02614763878173
"693",1.26963814661692,1.28918461442454,-0.147920697198811,-0.184596109267914,-0.271420445072383
"694",0.29930143424073,0.297234935725858,0.148532214806652,-1.48121041574865,0.221202379628881
"695",-1.23171529189317,-1.22287420647163,0.0137913180801951,-0.538008079173128,-0.020251466996092
"696",1.34623161575688,1.3475919679874,0.203082454726611,1.40942108857605,0.213706191629516
"697",-0.469694770758848,-0.464071054653827,0.41291441047297,-0.882220795966169,0.35730235839898
"698",3.72895569706887,3.71150434388261,0.361295273426325,-0.784989624459465,0.447386544102668
"699",-0.595793943447249,-0.599111037373992,0.777748992732732,-0.566830180278777,0.841507809560016
"700",0.84052269984297,0.814735079716103,-0.458364675924734,0.14199892513808,-0.429450614501097
"701",-1.60334444878798,-1.60293200115349,-0.223805796053339,-0.308867169652651,-0.203087296117545
"702",0.387182483727098,0.376236892964096,1.76543007166865,-0.132354964409642,1.75020520602181
"703",0.854922976889161,0.851351787410716,0.149490033980763,0.80280783119278,0.259840423764738
"704",-1.21089171141847,-1.20036038430985,-1.04888323787818,-2.40454266301006,-1.10504687713288
"705",0.626457700894307,0.631011430581647,0.159860893385226,-0.473905827526976,0.226599638115889
"706",0.981501066768221,0.976034388818086,-0.694315652816791,-1.22799748386506,-0.830952133542083
"707",-0.869285467396058,-0.862258867910042,0.362592360396136,-1.17852250885744,0.411696565257889
"708",-0.153730637295423,-0.150890568938161,-1.36127429149522,1.08828669947548,-1.31202944680989
"709",-1.87702486200239,-1.89496932043067,0.569340878623758,1.33999404647704,0.693684301826784
"710",-1.24149069493483,-1.23738347316083,0.14169139982341,1.79579822014869,0.318024401622965
"711",-0.506676714961009,-0.501038907381812,-0.669930941768364,-0.77534025060869,-0.652084700448574
"712",-0.371209303580877,-0.350824892111808,-0.825499405923544,0.377949633831096,-1.00338709255089
"713",-0.778079433246944,-0.774402679233495,1.2016505064917,0.970720522762613,1.40688138157541
"714",1.94543748738126,1.94127015122471,-0.141985545823518,0.19902596517344,-0.0767446425636103
"715",-0.0205469407083087,-0.0163296914900645,-0.789524503496552,-1.54099554176957,-0.865288952732027
"716",0.246421739887454,0.240457279463353,2.18915345643363,-0.656143717174799,2.29507961909765
"717",-1.89003267733035,-1.89441320484432,0.408773985084633,1.10199140557786,0.5454181836097
"718",-0.589536217267678,-0.586715069473039,0.0662861253801815,-1.17120787922611,0.0130126702775691
"719",1.42497571385103,1.41598036769267,-0.88226471970713,0.149222099837773,-0.725877325004446
"720",0.218672327839917,0.223492400633579,0.92626389754176,-0.482172875764306,0.947021587737405
"721",1.49784102674953,1.49660117626415,-1.11294521548038,-1.21721539851919,-1.12327968451474
"722",0.287025330713462,0.285858006746962,-2.54695828603142,-0.440995015911503,-2.54598379010368
"723",0.131228856230506,0.142114745238439,0.229673408151193,-0.154268575581621,0.239191953004881
"724",1.47865192796966,1.46480766931782,-0.676186037886061,0.847142938743568,-0.623332056770569
"725",1.50714519481874,1.5119342614557,0.781243777336999,0.854506795514512,0.693153194043389
"726",-2.29722702886315,-2.29788511278211,-0.573344046571958,0.451135098453014,-0.598875459543792
"727",0.533437395371706,0.539640959683996,1.21968252832379,1.54819497675323,1.27890534599923
"728",0.684274060203166,0.665743451917409,0.415428227710851,-0.415901097156615,0.369124929623158
"729",0.0259317225235815,0.0379117827439204,0.490680320814736,-0.598763562446279,0.570970180175904
"730",-0.475128207833592,-0.471695754253676,-2.34960560855105,-0.707813033065509,-2.34858720097879
"731",-1.21091523774262,-1.20449186591777,-0.165430707034075,0.422573584253863,-0.122030654380692
"732",1.75632172120316,1.7622441474786,0.708676510182144,0.938462668880059,0.773303225058783
"733",0.807220075103889,0.807672695348316,-0.0442841138038749,-0.590759307704622,-0.0711634707801615
"734",1.02389230922431,1.03993972922552,-0.405932308975367,0.631334203856201,-0.590971616656912
"735",-0.759181022595764,-0.759925474784032,-0.609625578521657,-0.00288441197992118,-0.72943832810299
"736",0.632974860138915,0.617443399878725,-0.911775383139116,-0.450390651039597,-1.01605541418752
"737",-0.029141083436095,-0.0156380001256659,1.82891058093714,-0.697871848226146,1.89636972458586
"738",0.18910620340698,0.216266710827029,0.420594850836043,1.43569558701032,0.3646742202522
"739",-0.0227364331449236,-0.0153694349389018,-1.33095362474942,2.10017730755929,-1.38774858266889
"740",0.814124837884431,0.802221470248818,0.602076999008389,0.465238325066322,0.648035456309691
"741",0.0209389083584159,0.0103693956213123,-0.12432908810482,-0.710520072651031,-0.268140506022048
"742",-1.09902913355817,-1.10144639554459,0.0921613890473459,-1.18238329045774,0.0974475704129939
"743",0.309001542039815,0.330728795937858,0.0699538415663603,1.65764676590445,-0.0665786258001748
"744",-0.905577856609771,-0.909458564608281,-0.759357367282059,-0.749655169048284,-0.738167968961646
"745",-0.48689730670935,-0.500446935977386,0.333258452548849,-0.477480834281772,0.373309787018254
"746",0.229383571734091,0.233816484499285,-1.42856321664059,1.39955925931827,-1.31297703587572
"747",-0.401538385234275,-0.404516872459824,0.2959686496206,1.46006608989328,0.178667035530315
"748",-0.817449643604702,-0.839891872758421,-2.1868385356701,-0.841549416962708,-2.24735903719634
"749",-0.230736374321575,-0.236335993652264,-0.600101226772016,1.58901362258308,-0.394217392168367
"750",0.0331017285043861,0.0372802291979652,-0.634585521534462,1.88783109101901,-0.732274483788095
"751",-0.534602515728544,-0.532523552709057,0.318773536935504,-0.723394436906219,0.30841905737779
"752",1.49890945324265,1.49342184181976,-0.0840394230793791,0.533363717191845,-0.0473496784015081
"753",-0.508898537495183,-0.51408766188974,-0.588855374996423,1.3242841903908,-0.496877493131473
"754",-0.41739942374327,-0.435715779153302,0.541624055528772,1.18500962246677,0.391120167117598
"755",0.0111423943318737,0.0106516336953726,1.44792066221615,0.34372146730781,1.39884950042818
"756",-0.236511448145143,-0.23174701241487,-0.219987393761838,-0.825578078792112,-0.118557908325409
"757",-0.791930170808434,-0.786659844946387,0.552168385991962,-0.82640877886848,0.58354217146828
"758",-0.441017090187185,-0.42366753535765,0.14780933624467,-1.41843536883279,0.191604106240114
"759",0.241175230952315,0.236480738693412,1.65165720829912,0.499156910881349,1.69392282254128
"760",-2.14929335372751,-2.15125129574386,-0.292513122059149,0.416028548447673,-0.293964453240997
"761",0.774819409885256,0.760594408414221,-0.014637008263602,0.751141088012618,0.0899912894921776
"762",0.42333175499346,0.427304750440051,-0.714315536015874,-0.0498460371783732,-0.591374723352508
"763",0.70463525490921,0.684630360383066,1.28708360707233,-1.54720428426517,1.14127266902397
"764",0.831388900733219,0.84035138262949,1.23065945100044,0.195353341008855,1.24853403679435
"765",-0.134971039778938,-0.117717952129899,0.249312422241536,0.0255891598331058,0.347157918751744
"766",-0.676240425229935,-0.684749422427507,-0.235732452353904,0.729675359934393,-0.30506604776674
"767",1.08002040458008,1.0841694721113,0.185352193569477,-0.0124585908176692,0.20547229040869
"768",0.87130484829592,0.86482800454185,1.57071354057963,-0.15249447214758,1.63025653415124
"769",0.0635539627161825,0.0577370378471124,-0.761547595423469,0.792886741378317,-0.798291540629647
"770",-0.261972018978443,-0.271538734494515,-0.0194147126946932,0.165065599191316,0.0261511158741499
"771",-1.11784916224491,-1.11999734503112,0.4971925419162,-0.599893728042589,0.444427400874099
"772",0.841901634288701,0.829450502251627,-0.925044875884559,-0.121780258446726,-0.970694346127746
"773",1.21773261183871,1.22607633124983,-1.20599079132557,1.71228737667216,-1.27998896595585
"774",-0.284302669323622,-0.28274759105683,0.609452073783122,-0.00437175222212377,0.686681445303668
"775",-0.972850915590068,-0.951237136507612,1.20156461544325,1.40601033743005,1.2108186302396
"776",-1.14628454557649,-1.16276747774958,0.107205149384849,1.16596609731578,-0.0605003136291935
"777",0.220586542570769,0.218537255107472,0.181292241988437,1.53565084918225,0.0721866018789083
"778",-0.485983347284176,-0.475305794570976,-0.642306663536541,1.96712185256232,-0.691676253957235
"779",0.605948955959133,0.603676447575421,-0.810910913733389,0.590070069717728,-0.863615350596702
"780",-1.36461972602491,-1.35746675599621,-0.602738266078686,0.44995139546045,-0.489858270825577
"781",-0.973486589731557,-0.982903394065605,-0.182534192765604,1.351706989182,-0.166504770198877
"782",-0.088175392925707,-0.0804712299899958,1.69257662490383,0.634529698756883,1.81673804329466
"783",-0.4954481007368,-0.48817844303507,0.7734707508178,-1.1665790725819,0.725210705062196
"784",0.0731935533393438,0.0710635917689583,2.020085888349,-0.725168154324055,1.90931204145731
"785",0.14275421261941,0.127350608741236,-0.917544014194995,-0.125921156342558,-0.988133143033113
"786",-0.668315533964469,-0.666699642921846,0.201256487562766,1.39585726757228,0.373940343405556
"787",2.43049139317278,2.43228488828355,1.19485762757703,0.216474148552565,1.09596323928389
"788",-0.9642727888794,-0.981802449568284,-1.78413326977026,0.171970430611119,-1.91371527179796
"789",-1.39139490117939,-1.38582968709723,0.248813106726935,-0.302643384483712,0.266749191896267
"790",-0.706988229727712,-0.727826660165215,-0.522066371437317,-0.165498798536654,-0.392022558301265
"791",-0.0408688060124648,-0.0479852670938074,0.686418017174985,1.54133252571334,0.61004459337517
"792",0.0577733224200502,0.0626183040412495,1.7878683111781,1.57559952675701,1.74603306986371
"793",0.935330842380642,0.927684835924009,-1.6234429267107,-1.51072232775287,-1.76071897184291
"794",1.4609993436505,1.48196512839779,-0.475277520514728,-0.653844300938068,-0.401492134811696
"795",0.414934085533421,0.416943004156612,-0.904755297576869,-1.60263809863757,-0.869392010671013
"796",-2.11534296047268,-2.10280269326769,0.980086836732577,0.115540216108723,0.899864568006654
"797",0.116932859678542,0.122337467263694,0.922526605642627,-1.94886843886379,1.04249060322245
"798",-0.90866495329157,-0.906957651494073,-0.999414604652664,-0.732570924314316,-0.994593279334421
"799",0.389449539714251,0.39357685471879,1.00880650670655,-0.783408382810687,1.08473934117207
"800",-0.0695065657692055,-0.0811629414442463,1.2494099256261,0.445946310160717,1.19083031956966
"801",0.829604478325775,0.831232660132093,-0.61864764311827,-1.63746743460731,-0.596044861047135
"802",-0.0333981007496834,-0.0300787587547854,0.540207168576131,-0.0766703847888422,0.665278546018935
"803",0.206206699252007,0.20720511699966,0.775122578034045,1.73880235719591,0.806394049447855
"804",-0.835171782008256,-0.857548188470447,0.225204264692284,-0.0713792540846839,0.162373001309703
"805",-1.36408214910272,-1.3695921645424,1.15883514655326,-0.504339946888896,1.10407132509855
"806",-0.410364184538033,-0.410156359063186,-0.969547196295369,-0.410418139189905,-1.03138959828256
"807",0.686932101860439,0.685516020939899,-0.427396316381917,-0.142301183350039,-0.219962647503694
"808",0.0433608369547235,0.03674082718323,-0.105894035302977,-0.839214997681045,-0.00500120921504231
"809",1.32044739311862,1.2927772267848,-0.159839248022358,0.280116091267157,-0.160023779777036
"810",1.08330794229164,1.07735053558163,0.44460244906485,-0.21989693281131,0.468961609698588
"811",-1.31098039022102,-1.30514409404657,-1.8291539077525,-0.0438150072216369,-1.86445062281997
"812",-0.619375373564386,-0.629291936872362,-0.937457610919994,1.40988143202853,-0.947896694265804
"813",0.765246145335242,0.750724595116578,0.0716021404259867,-1.61714491092586,-0.0480029810254473
"814",0.765922044653536,0.766285377457861,1.41969637183395,0.843686724669466,1.34965520195775
"815",1.54243012681961,1.53442170427505,-0.592731314541763,1.53719572262231,-0.722674131926979
"816",1.41989737728038,1.42739450353092,-1.00421394440311,-0.715524849978357,-0.971218800681188
"817",1.00917930380597,1.02631724731833,-0.121176659950124,-0.609553687861498,0.0223989109807472
"818",0.554744402050059,0.567322215096048,0.0758968773160295,0.478228855729942,0.0337465657396677
"819",-1.07604102500594,-1.06855194500747,-0.418437985333619,1.52101772690063,-0.288946491674712
"820",-0.314568402858498,-0.306336639567542,1.51860605394352,-0.508986779314989,1.52663415176645
"821",0.145882900072032,0.147658083115093,-1.33019684560349,-0.915233730351901,-1.21004352095438
"822",0.772444906782847,0.772887807716646,-3.07682486265406,1.22262592224027,-3.02110974402424
"823",-0.28742823050431,-0.290595854408565,-0.792954076400843,0.706585824500879,-0.789552938701307
"824",-0.000902519873975196,-0.00785679176201188,1.06110792672843,0.510827183749766,0.882911937148183
"825",-0.205251718577982,-0.213056640581488,1.11037381978709,1.10281505695361,1.06547904560658
"826",-1.60445106510474,-1.61236527051373,-0.878867216269711,-0.130733860582559,-0.932764154766814
"827",0.728963893196021,0.743647076319733,1.15345908505896,0.65119527348536,1.22870408060191
"828",-0.116536143939938,-0.141266358203444,0.369035114455267,0.764718244788531,0.414499212993528
"829",-1.01144770556479,-1.0092756305303,-2.5377119494275,1.26938074057409,-2.70548756547704
"830",2.19208973195435,2.18181626446526,0.161677845501847,-1.58269940459649,0.12627829167578
"831",-0.289994924489734,-0.283784580778535,-0.0423357382518992,0.513465985557123,-0.14052948374372
"832",1.78598872638103,1.77501977913228,1.11048991882209,1.26349859170067,1.37841602755539
"833",-1.63029355371392,-1.63464049725825,0.154035118924711,-0.579052853755972,0.241476764065298
"834",0.378341292202684,0.391845717689021,-0.371632423525544,1.01672540332178,-0.209419967419394
"835",0.0124327959229726,0.00263045940455729,1.80919855706894,-1.34942654795755,1.86916902479238
"836",-0.302933399793795,-0.299669922807191,1.89839373277034,-0.30842771588584,1.88056008912334
"837",-0.18906989464039,-0.176970302430112,0.502986818370261,0.260432842750585,0.408998487871843
"838",0.722959927796568,0.71825831360074,-0.133016942498999,-2.35520080507427,-0.0548014884292621
"839",0.543203428869036,0.559813853209565,0.00298598799582053,-1.66977273936852,-0.070092217512594
"840",0.0901486439132988,0.0726966133911967,0.553189487754444,-0.591101077673827,0.514485546576403
"841",-1.23355309640975,-1.22638057505153,1.12489318016316,0.178156971688647,1.26642473151364
"842",0.672897531064869,0.674281001946818,0.601689114998012,-1.5584308605841,0.47786565169073
"843",0.0688160714355786,0.0761992572927273,0.633491619142041,-0.309672073962969,0.550127201987589
"844",-1.56012645853054,-1.56235973894545,-1.16643187274739,-1.5555879950562,-1.1195137017997
"845",-0.201078405447611,-0.204073141144368,1.09378459097583,0.167735744129399,1.15973358256442
"846",0.904376432115203,0.895623303579156,0.711727282284735,-0.0384366314133393,0.904582701170859
"847",-0.90121019627688,-0.901188709127689,0.450154499497018,0.0295828523245397,0.46731106287579
"848",-1.28951916742629,-1.28912414811652,1.17040710368056,0.641131379885475,1.17226385360732
"849",0.347973879367601,0.336621784853886,0.778928340577954,0.280922863924981,0.832368972126141
"850",0.221459733608921,0.217210002158303,-0.306603663474591,1.44033428152103,-0.168417897896853
"851",1.52432907395788,1.53033879556604,0.951029389374414,1.14326559147021,0.955605662407973
"852",1.07594636569412,1.05647619263386,0.960940633272286,-0.433570275622776,0.99438741902125
"853",-0.0437462303840293,-0.0494294049229809,-0.964377724304924,1.16922059792209,-0.954368969162157
"854",0.653347117706068,0.660790057878672,0.702876905866028,1.01585569284977,0.612452396520353
"855",-0.0769015360299095,-0.0905219130739829,-1.75976710581996,0.0213801214505466,-1.75933427606221
"856",-0.861185599732899,-0.874725478922337,-0.357073646112348,0.166313570979322,-0.378184061471418
"857",-0.609060710488641,-0.604657628131286,-0.15647579698672,0.0602355119574722,-0.18667912111551
"858",0.539830210366795,0.556663134242038,0.263227330857682,-2.5211474999938,0.37937973211509
"859",-2.68106108535578,-2.67322439720143,-0.0419764138789179,-0.840981589233254,0.0224221828719204
"860",-1.07240801382915,-1.05575157542457,-1.13196591401067,1.632799103185,-1.16792772984152
"861",0.0319601399242645,0.0254687187197691,0.629768102209897,-0.562695746129442,0.824655424262221
"862",0.0145690233988441,0.00377110692994042,-0.295670612666008,-1.758706922607,-0.458112271903928
"863",0.0464269248191649,0.0321605166395609,0.45823880190945,1.42516688904201,0.53074364162793
"864",1.49096694621687,1.49654406504812,0.286704826462715,1.29225884647044,0.628477425009065
"865",-0.12531825100851,-0.108379692612427,0.0511972912525234,-2.69193401305128,0.0358311180304215
"866",-1.77201694987342,-1.76962462602636,0.391132719224134,0.645064818850856,0.369099618886484
"867",-0.491142825255192,-0.497780094243629,-0.122670332696072,-0.175882370822994,0.00156253222883554
"868",0.261384501793641,0.266264002223325,0.626869310466814,0.25690214046587,0.622712940858987
"869",-0.450187576117826,-0.464685586549184,-0.704150718139944,0.968021761647322,-0.632128073368514
"870",-0.18401735495923,-0.193833805583452,-0.266942324121276,-2.22147947738375,-0.201067687306415
"871",-0.468858432746492,-0.471204620301643,-0.254776625774385,-0.0410761895649286,-0.146432035390206
"872",-0.118463940645437,-0.137770733313564,-1.40730988494289,-0.749332978631541,-1.511148257787
"873",1.34275495025839,1.36525516225481,-0.301817400540605,-0.389213256975473,-0.254156665966553
"874",-0.311537592646948,-0.329254105941953,-0.0399322992786195,-0.868776273520031,-0.0805877913942421
"875",0.317556459608992,0.320508228336987,-1.67833946916938,-1.48742415677798,-1.67579623134764
"876",-1.01952626427401,-1.02005358684862,0.673985700547444,-1.36029437572707,0.673361645549628
"877",-1.05673906220754,-1.0351500705853,0.942468502138885,-1.04514535019666,1.12241303278331
"878",2.71675395250046,2.70884183814309,0.436368153724639,1.33811002053695,0.499022009045893
"879",0.405310134864625,0.402938221365757,0.316827750532295,0.274497699931071,0.228862360086295
"880",-0.900785928713477,-0.884484789759232,-0.0562643087898786,-2.62393337179016,-0.137348766677993
"881",0.0136834140059721,0.00552682739936755,1.73971647564519,-2.14816909834673,1.84254195512654
"882",0.358348109393019,0.37599464570131,0.615011286467968,0.274888760377681,0.542463087506379
"883",0.483258005417693,0.474966667980123,0.164871510269103,-0.238697598824726,0.116257272873202
"884",-1.12458646630166,-1.098798071959,1.16638439811827,-0.927518996747748,0.974922086426067
"885",1.47032156249517,1.48538928503179,0.832960123557735,0.400682335431363,0.91788390120383
"886",2.29514443615314,2.29212810072947,0.509318122998961,-0.412380688224303,0.533894434634121
"887",-1.10439304802787,-1.09211137914341,1.41157121530713,-0.0850601546398604,1.59975614602792
"888",-0.173971604491092,-0.16873137018252,-0.327082411418336,-0.012428314829063,-0.227165946057128
"889",-2.044348697844,-2.04128708551203,0.546966954143617,-0.516891612250671,0.631184993827785
"890",-0.459336625995211,-0.468893788469249,0.792652725768386,-0.268884162222573,0.880592197380021
"891",-1.21286513106978,-1.20348508363897,0.0484072381184698,-0.776602115802551,0.0719652446223621
"892",1.27648604180844,1.28168349399987,0.445648243280357,-0.0997673386964416,0.364508948996402
"893",-0.832450446731198,-0.838369819289281,-1.46859956158544,-0.163999046126773,-1.41323610964438
"894",-1.24884688696345,-1.24410614289841,-0.141686280138369,-0.377314289287605,-0.00547937898947554
"895",0.562071664857751,0.548076066407174,-2.54155799260183,0.626329365015828,-2.69320620304824
"896",0.237609355976739,0.242218075660807,-0.532739744856034,1.24078490338746,-0.605996851671275
"897",1.64137900936817,1.6394447965011,0.995983119476402,-1.52529568350904,0.871765007220839
"898",0.332724757698937,0.322400487912744,0.269319704205816,1.97075237339703,0.356833746875407
"899",-0.0340371197002648,-0.0351540262955548,0.501350648498916,-0.990821304923366,0.580817957188109
"900",0.402536565342754,0.411192406251596,-0.117571911847794,-0.0563668275734467,-0.0862631299359901
"901",0.234783538315865,0.221516970837684,0.16039033924054,0.483275575410904,0.188869555886169
"902",-1.1003708908931,-1.08994779120343,-1.84844700622079,-0.445100192090647,-1.81805673699381
"903",0.732518832039646,0.720851058057715,-0.00986293234188028,-0.0236607953118844,-0.00589283435483362
"904",-0.0224454171869419,-0.0173023506778192,1.74583031551827,-1.53378053810954,1.74523172160328
"905",1.61390263938286,1.62601154627944,0.875933840227854,-0.988714567895927,0.754350483683398
"906",0.231697061918224,0.218539539167329,0.817277119452074,-0.512486705358295,0.67092278624797
"907",-1.32455182535269,-1.32858396789498,-1.19846964786981,0.603172157658083,-1.31558119776776
"908",0.636750683421742,0.611078896539769,1.63564611663387,-0.392305825028055,1.68897750148181
"909",-0.379179162195374,-0.383179732650395,-0.611974301678899,0.0563317776430843,-0.730426165544292
"910",1.06079868002176,1.03502389562665,-0.979349653513591,-1.84924214421116,-1.06815334443808
"911",-0.649728126931719,-0.645456495867159,0.578506560608708,0.205871458088366,0.544559333730954
"912",0.441289969848542,0.447454242779412,1.58203498421513,1.49739475354581,1.48568112509392
"913",1.32628127940741,1.331438858602,-2.47271955273862,-1.08508443093396,-2.39098585854933
"914",-0.0780838581142679,-0.0846742110447,0.443274268657759,-0.0300503657254627,0.589558574647149
"915",1.171776196098,1.18191394694763,-0.212055496937894,-1.01088535037309,-0.291570825235827
"916",-0.0303746556131912,-0.0268308960712338,1.43156361464508,2.21529642303818,1.36242200454017
"917",-0.199984367015409,-0.18818257002102,-2.57054649857757,-0.807617279602302,-2.60720083804324
"918",-0.760732496452895,-0.756039122456112,-0.434041748023015,0.0790360853454549,-0.485551487105089
"919",-0.826672467163004,-0.816352391788646,-0.183734424513043,1.91000726966399,-0.192200780684683
"920",-1.54159765002749,-1.53017548833012,-1.42705306308527,-0.353229475430366,-1.32625373758203
"921",0.239226747611014,0.2468158492115,-0.55735502870478,-1.19260975195633,-0.673127725057117
"922",-1.742214986979,-1.73098526602536,-1.04626639638425,-0.879026947450191,-1.09371359170349
"923",-0.763907394449964,-0.763233182014608,-0.433264043095539,2.11251560455509,-0.406204204820607
"924",-1.30376956959576,-1.29350499097952,-0.628480825196694,-2.05681002006607,-0.634819301802903
"925",-1.06276202785668,-1.05118221632197,1.03624787540347,0.380599798393556,1.18630748640926
"926",1.28203551931085,1.28312914341076,0.0373419031370296,0.0692570013841218,0.0769426608218171
"927",-0.650768711713601,-0.642967188453558,1.31828602317476,1.00258611801326,1.26234730160253
"928",-0.410052741895284,-0.41839745741699,-1.84844614619598,-0.0485173977664685,-1.87857414940594
"929",-0.26192337622714,-0.267205753290325,-0.321307825929219,-1.3320931045749,-0.337914700521734
"930",1.03683716679286,1.05842819081347,-0.392834573606639,-0.368190260506229,-0.531562134834145
"931",-2.37074044931092,-2.38046986141903,1.27750711785213,0.687092278570186,1.28593528565763
"932",0.569254113301589,0.573591581136779,1.41230780337884,0.2784092896526,1.27474094141519
"933",0.160467211091579,0.16086074217182,0.1113457424244,0.244854328907415,0.11265403379934
"934",-0.921975389676356,-0.907152268591547,-0.465973461526484,-0.855623935855195,-0.528136659109006
"935",-1.83786254087171,-1.8459051041911,0.401536455666421,2.50748962736062,0.455683900151214
"936",1.45686662476725,1.467902353006,-0.0523099706550092,-1.1589269769505,-0.306543450956104
"937",-0.594737188205338,-0.609147394019256,-0.499815075683494,-0.266309958254495,-0.607636501066405
"938",-0.905225840867155,-0.908390127846787,-0.749443879841156,0.0313243668146621,-0.735728723191039
"939",1.09258846687432,1.07536501071512,-0.0515749416497894,0.611852596362078,-0.0606414319704181
"940",-0.528788321515306,-0.532187714634463,-0.184264351286789,1.72006961910378,-0.0856524947205921
"941",0.871559660303769,0.866596671468688,1.46696032926246,0.104992797902071,1.34721710035537
"942",-1.41528630410932,-1.41089036887119,0.287058386553338,0.0398435001841514,0.292902895696
"943",-0.159480620119533,-0.172265760762183,0.902628537789202,0.0891263724856431,0.878325749461267
"944",-0.206328527872664,-0.209269463523025,-1.0575036240444,-0.788427724820068,-0.958813516068878
"945",1.75835960539712,1.73903554088264,-0.158119940087257,-0.866481353807134,-0.0346532669674539
"946",-1.38915990266147,-1.37415362257259,-0.0159176176907181,-1.18944565668289,0.025093248713208
"947",1.09738431214253,1.08680938543992,0.94458689860744,0.675482942325104,0.963786678732349
"948",-1.8967323326684,-1.90067947249447,-1.19205320976202,0.852784179307295,-1.05828671326471
"949",-0.894330886594525,-0.878870745016127,-1.78157286883821,-1.57213548329131,-1.89990115764205
"950",-0.279595824836947,-0.270704114011691,1.49379049590894,0.279030477343211,1.34856772777424
"951",0.84820333873919,0.860513143083984,0.24297736981303,1.28746500352792,0.354446613514661
"952",0.472211325260626,0.476676826154421,-0.794526284432655,1.29204265750827,-0.78754942783873
"953",0.483780476799677,0.467428388743957,0.345185139509395,0.120266293605864,0.29101413066643
"954",-0.537800582690334,-0.555493227068799,0.804051189414733,-1.0627373443657,0.928958222377838
"955",-0.961617458233026,-0.971395425074041,-0.275523903827465,0.836494698586816,-0.328670567324727
"956",0.3883235272043,0.385278716881347,-1.21539872989997,0.310578321216911,-1.28522761171725
"957",-0.150825099803548,-0.150399396590205,0.482097152661641,1.56091979486213,0.424244962704601
"958",-0.176395051175157,-0.172459857544852,0.0630286517263898,-0.0297079942685386,0.0697943134554289
"959",0.237358865952691,0.236942724447136,0.756970609294834,-0.0723747944934694,0.833226229042113
"960",0.394505689081809,0.390645368285935,0.618592654473821,0.104058240346297,0.679253892191826
"961",-0.569704123122968,-0.580729852044386,-1.35329047586793,1.56851481929706,-1.20949041621245
"962",0.0514339256670514,0.0428100464214661,-0.422146156574656,-0.456253240411291,-0.41351126378128
"963",0.00223135984080077,-0.00535111084808794,-1.05623900371623,-0.734074856315469,-1.09879639365408
"964",-0.227532397949966,-0.216766729951988,0.997820136470496,-0.650894247844604,0.929542647297874
"965",-2.65816597727022,-2.67371291192312,-1.21893074034853,-1.85935506945076,-1.19012800856916
"966",0.513568678553805,0.505530211886642,0.968848025749426,-1.50786116880621,0.902520862404674
"967",1.69890229536252,1.69238253664547,0.885430535932302,-0.485474794537073,0.883337034765344
"968",0.0598908370804415,0.0527590632094827,-0.371848153007005,0.344686507904106,-0.348895481245983
"969",0.215944412047179,0.22484922151822,-1.43070025275357,-0.897282039579942,-1.37213727850651
"970",0.305251679329887,0.309760081161577,0.874551354793499,-0.245538491680711,0.804698922151122
"971",1.62465158455466,1.63554777571037,0.169137550256102,1.61764524857988,0.138386467217054
"972",1.52408315538279,1.50196225811023,0.426379180245673,1.71362759342326,0.391788728530917
"973",0.0541437996268251,0.0406698084556794,1.58733146502393,-0.638487336353406,1.67006800475525
"974",0.962145145601088,0.945172012298423,-1.54542342643246,-0.570852706385746,-1.55926396925825
"975",-0.519778964336859,-0.523938251750861,-1.42031029405599,-0.604060862509524,-1.42486820916263
"976",0.636027029944166,0.644500754491741,0.595358388591765,0.279495756799313,0.56269620219981
"977",0.17639190777568,0.175153494287651,-1.02325461995351,-0.853124148929407,-0.795197162382935
"978",0.449672104152391,0.454456820902294,-1.85087158728861,-1.74230767646073,-1.67217762264338
"979",0.837996385914205,0.833461643339439,-0.359975024553201,-0.12400189938007,-0.477643971938107
"980",-1.89945774093095,-1.87484620067808,1.32508835201875,-0.0614194840193649,1.38480779151258
"981",0.475746422840835,0.476237376404519,0.159356926327636,-1.86001521990762,0.117927215475498
"982",-0.0664053523994566,-0.078429057169796,0.260747593976837,0.243475573369356,0.0905150639512441
"983",-0.4828785616092,-0.488628689954662,0.851805668262507,0.362368640619718,0.898107185287167
"984",-0.997085534651708,-0.995596475282224,-0.181315086862978,-0.599495441324722,-0.227208803729263
"985",-0.862746547599926,-0.855792023299904,0.926879744152257,-1.4957928070657,0.995141408213659
"986",-0.603768993333608,-0.612098415884503,-0.177647390146095,1.65701923929747,-0.149199439399014
"987",-0.381100854924707,-0.380905250715203,0.574804857352222,1.15754378300794,0.685689817193409
"988",-1.51822949942032,-1.52506600784956,-0.278094052969801,-0.752194681667227,-0.308310149712148
"989",-0.0970445284536139,-0.107692018066467,0.25026388583562,1.21502557543523,0.423570303866941
"990",1.30192832087834,1.30196699131136,1.68273506626917,-1.05072524889556,1.69825667112009
"991",-1.07439932530085,-1.07394190455445,-0.546882110615647,1.52591671124672,-0.609993846075693
"992",-0.447309135205267,-0.454466436564768,-2.15588254281262,0.455594263174227,-2.04159138564882
"993",0.882118195743411,0.889333747232394,-0.81374501544113,0.71102299084947,-1.15928737566109
"994",1.13854230101809,1.13915769290824,0.19687358577379,0.400910489088648,0.280243105418015
"995",-0.58753318064031,-0.579115797084546,0.700685383487404,0.622790888709836,0.722288605590461
"996",-0.442012828604385,-0.43774032073132,-0.754562670017283,0.0570318453025009,-0.817950989215604
"997",-1.26351561827282,-1.25948697506648,0.979804764356511,1.69834999637691,1.11782005297992
"998",0.447819359963127,0.43882535474611,0.253730839497071,-1.24387416101354,0.181633163470347
"999",0.237264642826476,0.241793690159574,1.13503180951895,-0.761932889122622,1.18493248587499
"1000",1.5423215303586,1.53097803224617,-2.08899242044708,0.777322381668392,-2.08972907639783
